Name,Sector,Voltage Ratio (kV/kV),Executive Agency,Capacity (MW/MVA),Month Of Completion,Year Of Completion (FY)
Biswanath Chariyali & Agra HVDC terminal (Pole-I),Central,±800,PGCIL,1500.0,NOV-15,2015-16
Angul (ICT-II),Central,765/400,PGCIL,1500.0,APR-15,2015-16
Bareilly (ICT-I),Central,765/400,PGCIL,1500.0,APR-15,2015-16
Thiruvalam S/S,Central,765/400,PGCIL,1500.0,APR-15,2015-16
Angul (ICT-III),Central,765/400,PGCIL,1500.0,MAY-15,2015-16
Champa Pooling Station(ICT-I),Central,765/400,PGCIL,1500.0,JUN-15,2015-16
Vadodara S/S,Central,765/400,PGCIL,3000.0,JUN-15,2015-16
Vindhyachal Pooling Station (ICT-II),Central,765/400,PGCIL,1500.0,AUG-15,2015-16
Angul S/S (ICT-IV),Central,765/400,PGCIL,1500.0,JAN-16,2015-16
Purnea (Aug.) (500-315),Central,400/220,PGCIL,160.0,JUN-15,2015-16
Biswanath Chariyali S/S,Central,400/132,PGCIL,200.0,SEP-15,2015-16
Kozhikode S/Stn. (2x315),Central,400/220,PGCIL,630.0,OCT-15,2015-16
Madhugiri S/S,Central,400/220,PGCIL,1000.0,NOV-15,2015-16
Muzaffarpur (ICT),Central,400/220,PGCIL,500.0,DEC-15,2015-16
Agra S/S (Aug.),Central,400/220,PGCIL,315.0,JAN-16,2015-16
Biswanath Chariyali S/S (ICT-II),Central,400/132,PGCIL,200.0,JAN-16,2015-16
Hazira S/S,Private,400/220,EPTCL,1000.0,JUL-15,2015-16
Rewa Road (GIS),Private,400/220,SEUPPTCL,630.0,NOV-15,2015-16
Sarnath (Aug),State,400/220,UPPTCL,500.0,APR-15,2015-16
Sarojini Nagar (Aug.),State,400/220,UPPTCL,75.0,APR-15,2015-16
Kukurmara (Azara)  S/S,State,400/220,AEGCL,630.0,MAY-15,2015-16
Bareilly (Aug) (2x315) S/S,State,400/220,UPPTCL,315.0,MAY-15,2015-16
Sholinganallur (Ottinmbakkam) S/S,State,400/230-110,TANTRANSCO,0.0,JUN-15,2015-16
Kanarapatty S/S,State,400/230-110,TANTRANSCO,0.0,JUN-15,2015-16
Kharghar S/S,State,400/220,MSETCL,315.0,JUN-15,2015-16
Nagda (Addl.),State,400/220,MPPTCL,315.0,AUG-15,2015-16
Duburi S/S,State,400/220,OPTCL,630.0,AUG-15,2015-16
Muradnagar II (ICT-I),State,400/220,UPPTCL,240.0,SEP-15,2015-16
Aligarh S/s,State,400/220,UPPTCL,500.0,OCT-15,2015-16
Katni (Addl.),State,400/220,MPPTCL,315.0,NOV-15,2015-16
Koradi -II,State,400/220,MSETCL,500.0,NOV-15,2015-16
Muradnagar - II (ICT-II) S/S,State,400/220,UPPTCL,240.0,DEC-15,2015-16
Manubolu (Nellore) S/S,State,400/220,APTRANSCO,315.0,JAN-16,2015-16
Chorania (Aug.) S/S,State,400/220,GETCO,500.0,JAN-16,2015-16
Vadavi (Aug.) S/S,State,400/220,GETCO,315.0,JAN-16,2015-16
Ajmer S/S,State,400/220,RVPNL,315.0,JAN-16,2015-16
Mamidipalli S/S,State,400/220,TSTRANSCO,315.0,JAN-16,2015-16
Mundka s/s(3rd 400/220 kV ICT),State,400/220,DTL,315.0,FEB-16,2015-16
Nanded (Kumbhargaon)S/S,State,400/220,MSETCL,500.0,FEB-16,2015-16
Hindupur (Aug.),State,220/66,APTRANSCO,60.0,APR-15,2015-16
Manubolu (Aug.),State,220/66,APTRANSCO,100.0,APR-15,2015-16
Peera Garhi (2x100),State,220/33,DTL,200.0,APR-15,2015-16
Daultabad,State,220/66,HVPNL,100.0,APR-15,2015-16
Nawada (Addl.),State,220/66,HVPNL,100.0,APR-15,2015-16
Ambewadi (Aug.),State,220/110,KPTCL,45.0,APR-15,2015-16
Kemar (Aug.),State,230/110,KPTCL,100.0,APR-15,2015-16
Datia S/S,State,220/132,MPPTCL,160.0,APR-15,2015-16
Gwalior-II (Banmore) S/S,State,220/132,MPPTCL,160.0,APR-15,2015-16
Boisar S/S,State,220/33,MSETCL,50.0,APR-15,2015-16
Butibori S/S,State,220/132,MSETCL,100.0,APR-15,2015-16
Chinchwad S/S,State,220/22,MSETCL,50.0,APR-15,2015-16
Coiourchem S/S,State,220/22,MSETCL,50.0,APR-15,2015-16
Dhule S/S,State,220/33,MSETCL,25.0,APR-15,2015-16
Kamba S/S,State,220/22,MSETCL,50.0,APR-15,2015-16
Magarpatta S/S,State,220/132,MSETCL,100.0,APR-15,2015-16
Nalasopara (Aug.),State,220/22,MSETCL,100.0,APR-15,2015-16
Pegasus S/S,State,220/22,MSETCL,25.0,APR-15,2015-16
Raymond S/S,State,220/33,MSETCL,50.0,APR-15,2015-16
Satana S/S,State,220/132,MSETCL,200.0,APR-15,2015-16
Serum S/S,State,220/22,MSETCL,50.0,APR-15,2015-16
Duburi S/S,State,220/33,OPTCL,40.0,APR-15,2015-16
Banur (Aug.),State,220/66,PSTCL,100.0,APR-15,2015-16
Devigarh (Aug.) (2nd Addl.),State,220/66,PSTCL,160.0,APR-15,2015-16
Haridwar (Aug.) S/S,State,220/33,PTCUL,120.0,APR-15,2015-16
Sitapura S/S,State,220/132,RVPNL,160.0,APR-15,2015-16
Tehendesar S/S,State,220/132,RVPNL,100.0,APR-15,2015-16
Anthiyur (Addl.),State,230/110,TANTRANSCO,100.0,APR-15,2015-16
Guindy (GIS ) (New) S/S,State,230/110,TANTRANSCO,200.0,APR-15,2015-16
Thondayarpet (Addl),State,230/110,TANTRANSCO,100.0,APR-15,2015-16
Fabcity S/S,State,220/132,TSTRANSCO,150.0,APR-15,2015-16
Miyapur S/S,State,220/132,TSTRANSCO,160.0,APR-15,2015-16
B.K.T Lucknow (Now),State,220/132,UPPTCL,120.0,APR-15,2015-16
Chibramau (Aug.),State,220/132,UPPTCL,60.0,APR-15,2015-16
"Jansath, Muzaffarnagar (New)",State,220/132,UPPTCL,200.0,APR-15,2015-16
sarojini Nagar (Aug.),State,220/132,UPPTCL,60.0,APR-15,2015-16
Kudus -II (Addl.) S/S,State,220/33,MSETCL,100.0,MAY-15,2015-16
Abohar S/S,State,220/66,PSTCL,100.0,MAY-15,2015-16
Aau S/S,State,220/132,RVPNL,160.0,MAY-15,2015-16
Alandur (GIS) S/S,State,220/110,TANTRANSCO,100.0,MAY-15,2015-16
Erragadda (3x160),State,220/132,TSTRANSCO,160.0,MAY-15,2015-16
B.K.T. (Aug) -II,State,220/132,UPPTCL,60.0,MAY-15,2015-16
Mirzapur (Aug.) - II,State,220/132,UPPTCL,100.0,MAY-15,2015-16
RPH (Aug). S/S,State,220/132,UPPTCL,60.0,MAY-15,2015-16
Sahibabad (Aug.),State,220/132,UPPTCL,40.0,MAY-15,2015-16
Shamli (Aug.) S/S,State,220/132,UPPTCL,40.0,MAY-15,2015-16
Agiyol (Aug.),State,220/66,GETCO,50.0,JUN-15,2015-16
Asoj (Aug.),State,220/132,GETCO,150.0,JUN-15,2015-16
Dhangadhra (Aug.),State,220/66,GETCO,60.0,JUN-15,2015-16
Dhasa (Aug.),State,220/66,GETCO,60.0,JUN-15,2015-16
Jamnagar (Aug.),State,220/66,GETCO,60.0,JUN-15,2015-16
Jangral (Aug.),State,220/66,GETCO,60.0,JUN-15,2015-16
Manjuvas S/S,State,220/11,GETCO,50.0,JUN-15,2015-16
Radhanpur (Aug.),State,220/66,GETCO,50.0,JUN-15,2015-16
Rajkot (Nyara) (Aug.),State,220/66,GETCO,60.0,JUN-15,2015-16
Wagra (Aug.),State,220/66,GETCO,50.0,JUN-15,2015-16
Dumka S/S,State,220/132,JSEB,300.0,JUN-15,2015-16
Pithampur S/S,State,220/132,MPPTCL,160.0,JUN-15,2015-16
Sayane S/S,State,220/33,MSETCL,25.0,JUN-15,2015-16
Chhajali (Aug.) (Addl.) S/S,State,220/66,PSTCL,100.0,JUN-15,2015-16
Ghobaya  S/S,State,220/66,PSTCL,50.0,JUN-15,2015-16
Tanda (New) S/S,State,220/132,UPPTCL,320.0,JUN-15,2015-16
Bakreswar S/S,State,220/33,WBSETCL,50.0,JUN-15,2015-16
Khoday Glass Factory,State,220/66,KPTCL,300.0,JUL-15,2015-16
Mendhasal S/S,State,220/33,OPTCL,100.0,JUL-15,2015-16
Puri (Samangara) S/S,State,220/132,OPTCL,160.0,JUL-15,2015-16
Rengali S/S,State,220/33,OPTCL,20.0,JUL-15,2015-16
GNDTP Bathinda (Aug.),State,220/66,PSTCL,100.0,JUL-15,2015-16
Mahilpur (Aug.),State,220/66,PSTCL,100.0,JUL-15,2015-16
S.P.Koil (3rd Auto) (Aug.),State,230/110,TANTRANSCO,20.0,JUL-15,2015-16
Erragadda (2nd) S/S,State,220/132,TSTRANSCO,160.0,JUL-15,2015-16
Sirathu S/S,State,220/132,UPPTCL,160.0,JUL-15,2015-16
Bina S/S,State,220/132,MPPTCL,160.0,AUG-15,2015-16
Julwania S/S,State,220/132,MPPTCL,160.0,AUG-15,2015-16
Mendhegiri S/S,State,220/33,MSETCL,100.0,AUG-15,2015-16
Mulund S/S,State,220/22,MSETCL,50.0,AUG-15,2015-16
Shedyal S/S,State,220/33,MSETCL,100.0,AUG-15,2015-16
Tilwani S/S,State,220/33,MSETCL,50.0,AUG-15,2015-16
Alandur (CMRL),State,220/110,TANTRANSCO,100.0,AUG-15,2015-16
Bhelupur (New). S/S,State,220/33,UPPTCL,60.0,AUG-15,2015-16
Lalitpur S/S,State,220/132,UPPTCL,200.0,AUG-15,2015-16
Rampur -II (Extn.),State,220/132,UPPTCL,100.0,AUG-15,2015-16
Indore (Aug.) S/S,State,220/132,MPPTCL,40.0,SEP-15,2015-16
Colourchem ICT - II S/S,State,220/22,MSETCL,50.0,SEP-15,2015-16
Shedyal ICT-II S/S,State,220/33,MSETCL,100.0,SEP-15,2015-16
Vatika S/S,State,220/132/33,RVPNL,160.0,SEP-15,2015-16
Boner (New) ICT-I,State,220/132,UPPTCL,100.0,SEP-15,2015-16
Debai (ICT-I) S/S,State,220/132,UPPTCL,100.0,SEP-15,2015-16
Dewas S/S,State,220/132,MPPTCL,160.0,OCT-15,2015-16
Kudus-II (2nd T/F),State,220/33,MSETCL,100.0,OCT-15,2015-16
Sayla S/S,State,220/132/33,RVPNL,160.0,OCT-15,2015-16
Thiruverkkadu,State,230/110,TANTRANSCO,200.0,OCT-15,2015-16
Modipuram (Aug) (200-160),State,220/132,UPPTCL,40.0,OCT-15,2015-16
New Jalpaiguri (NJP)  (Aug.) S/S,State,220/132,WBSETCL,160.0,OCT-15,2015-16
Bobbili (Vizianagaram),State,220/132,APTRANSCO,100.0,NOV-15,2015-16
Atul (Navera) S/S,State,220/66,GETCO,320.0,NOV-15,2015-16
Modasa S/S,State,220/66,GETCO,260.0,NOV-15,2015-16
Fozal S/S,State,220/33,HPPTCL,126.0,NOV-15,2015-16
Anuppur (Addl.) S/S,State,220/132,MPPTCL,160.0,NOV-15,2015-16
Chhindwara (Addl.) S/S,State,220/132,MPPTCL,160.0,NOV-15,2015-16
Sirmour S/S,State,220/132,MPPTCL,160.0,NOV-15,2015-16
Shirsuphal S/S,State,220/22,MSETCL,50.0,NOV-15,2015-16
Kharar (Aug.),State,220/66,PSTCL,60.0,NOV-15,2015-16
Salem (Aug.),State,220/110,TANTRANSCO,20.0,NOV-15,2015-16
Osmania University,State,220/132,TSTRANSCO,160.0,NOV-15,2015-16
Azamgarh -II (Aug.),State,220/132,UPPTCL,100.0,NOV-15,2015-16
Baraut (Aug.),State,220/132,UPPTCL,40.0,NOV-15,2015-16
Muradnagar (Aug.),State,220/132,UPPTCL,100.0,NOV-15,2015-16
Thimmapuram S/S,State,220/132,APTRANSCO,100.0,DEC-15,2015-16
Charadava S/S,State,220/66,GETCO,200.0,DEC-15,2015-16
"A-4, Faridabad S/s",State,220/66,HVPNL,200.0,DEC-15,2015-16
Sampla (Aug.),State,220/132,HVPNL,100.0,DEC-15,2015-16
Arasikere S/S,State,220/110,KPTCL,200.0,DEC-15,2015-16
DG Plant Yelahanka,State,220/66,KPTCL,300.0,DEC-15,2015-16
Khanapur S/S,State,220/33,MSETCL,100.0,DEC-15,2015-16
Nandgaon Peth S/S,State,220/33,MSETCL,100.0,DEC-15,2015-16
Phulambri S/S,State,220/132,MSETCL,100.0,DEC-15,2015-16
Sayne (Addl.) S/S,State,220/33,MSETCL,25.0,DEC-15,2015-16
Tembhurni (Addl.),State,220/33,MSETCL,50.0,DEC-15,2015-16
Bassi Pathana (Aug.) (2nd Addl.),State,220/66,PSTCL,100.0,DEC-15,2015-16
Behror S/S,State,220/132,RVPNL,160.0,DEC-15,2015-16
Kuchera S/S,State,220/132,RVPNL,160.0,DEC-15,2015-16
Thingalur  S/S,State,230/110,TANTRANSCO,200.0,DEC-15,2015-16
Chatta (New) (2x160+2x40),State,220/132,UPPTCL,400.0,DEC-15,2015-16
Firozabad (Aug) (160-60),State,220/132,UPPTCL,60.0,DEC-15,2015-16
Harhua (New) (60) S/S,State,220/33,UPPTCL,60.0,DEC-15,2015-16
Loni (Aug) (200-150),State,220/132,UPPTCL,50.0,DEC-15,2015-16
Mainpuri (Aug.II) (160-100),State,220/132,UPPTCL,50.0,DEC-15,2015-16
Sarojini Nagar (Aug.) (200-100),State,220/132,UPPTCL,100.0,DEC-15,2015-16
Sonabil (2x100),State,220/132,AEGCL,200.0,JAN-16,2015-16
Hinganghat S/S,State,220/33,MSETCL,50.0,JAN-16,2015-16
GHTP Lehra Mohabbaton (Aug.) (160- 100),State,220/66,PSTCL,60.0,JAN-16,2015-16
Omega S/S,State,230/110,TANTRANSCO,100.0,JAN-16,2015-16
Ulundurpet S/S,State,230/110,TANTRANSCO,100.0,JAN-16,2015-16
Lalitpur (Aug.) (160-100),State,220/132,UPPTCL,60.0,JAN-16,2015-16
Orai (Aug.) -II (160-100),State,220/132,UPPTCL,60.0,JAN-16,2015-16
Sambhal (Aug.) III (100),State,220/132,UPPTCL,100.0,JAN-16,2015-16
Dharampur S/S,State,220/132,WBSETCL,320.0,JAN-16,2015-16
Pattiseema S/S,State,220/11,APTRANSCO,60.0,FEB-16,2015-16
Rachagunneri S/S (in Chitoor distt.),State,220/132,APTRANSCO,100.0,FEB-16,2015-16
Wazirpur (GIS),State,220/33,DTL,200.0,FEB-16,2015-16
Atri (Karadagadia) 1st ICT S/S,State,220/132,OPTCL,160.0,FEB-16,2015-16
Chonkarwada S/S (Bharatpur Distt.),State,220/132,RVPNL,160.0,FEB-16,2015-16
NPH (Jaipur) (GSS) (AUG.),State,220/132,RVPNL,160.0,FEB-16,2015-16
Ramgarh (GSS) (AUG),State,220/132,RVPNL,160.0,FEB-16,2015-16
Gurubarapally S/S,State,230/110,TANTRANSCO,100.0,FEB-16,2015-16
Vyasarpadi,State,230/110,TANTRANSCO,200.0,FEB-16,2015-16
Mokokchung (New),Central,220/132,PGCIL,30.0,JUL-15,2015-16
Mokokchung (ICT-II),Central,220/132,PGCIL,30.0,AUG-15,2015-16
Ara (ICT),Central,220/132,PGCIL,160.0,DEC-15,2015-16
Birpara (160-100) (Aug.),Central,220/132,PGCIL,60.0,DEC-15,2015-16
Siliguri (160 - 100) (Aug.),Central,220/132,PGCIL,60.0,JAN-16,2015-16
Champa Pooling Station ICT-II,Central,765/400,PGCIL,1500.0,MAR-16,2015-16
Varanasi (GIS) S/S,Central,765/400,PGCIL,3000.0,MAR-16,2015-16
Aurangabad - III (Ektuni) S/S,State,765/400,MSETCL,1500.0,MAR-16,2015-16
Bagpat (GIS) ICT-I S/S,Central,400/220,PGCIL,500.0,MAR-16,2015-16
Kishanganj ICT-I,Central,400/220,PGCIL,500.0,MAR-16,2015-16
Malekuttaiayur (Extn.),Central,400/220,PGCIL,500.0,MAR-16,2015-16
Mandola (Aug.)ICT-I (4x500-4x315),Central,400/220,PGCIL,185.0,MAR-16,2015-16
Panchkula,Central,400/220,PGCIL,500.0,MAR-16,2015-16
Purnea (Replacement) (500-315),Central,400/220,PGCIL,185.0,MAR-16,2015-16
Sasaram (Pusali) (Replacement ) ICT-I (500-315),Central,400/220,PGCIL,185.0,MAR-16,2015-16
Raipur S/S (ICT I & II.),State,400/220,CSPTCL,630.0,MAR-16,2015-16
Bamnoli (ICT Replacement ),State,400/220,DTL,370.0,MAR-16,2015-16
Asoj S/S,State,400/220/33,GETCO,500.0,MAR-16,2015-16
Soja S/S,State,400/220/33,GETCO,500.0,MAR-16,2015-16
Rishikesh (Aug.),State,400/220,PTCUL,75.0,MAR-16,2015-16
Suryapet S/S,State,400/220,TSTRANSCO,630.0,MAR-16,2015-16
Girdih (2nd Trf.) S/S,Central,220/132,DVC,150.0,MAR-16,2015-16
Kalyaneswari S/S,Central,220/132,DVC,160.0,MAR-16,2015-16
Purnea (Replacements ) (160-100),Central,220/132,PGCIL,60.0,MAR-16,2015-16
Purnea ICT-II S/S,Central,220/132,PGCIL,160.0,MAR-16,2015-16
Boko (Add.Trf),State,220/132,AEGCL,100.0,MAR-16,2015-16
Tinsukia (Aug.) (2x50 by 2x100),State,220/132,AEGCL,100.0,MAR-16,2015-16
Gangavaram port,State,220/33,APTRANSCO,100.0,MAR-16,2015-16
Sonenagar  S/S,State,220/132/33,BSEB,100.0,MAR-16,2015-16
Girwani S/S,State,220/132,CSPTCL,160.0,MAR-16,2015-16
Charanka S/S,State,220/66,GETCO,200.0,MAR-16,2015-16
Dhangadhra ICT-II,State,220/66,GETCO,60.0,MAR-16,2015-16
Dhansura S/S,State,220/66,GETCO,50.0,MAR-16,2015-16
Hadala ICT-II,State,220/66,GETCO,110.0,MAR-16,2015-16
Jamnagar S/S,State,220/132,GETCO,50.0,MAR-16,2015-16
Kheralu S/S,State,220/66,GETCO,160.0,MAR-16,2015-16
Lalpar S/S,State,220/66,GETCO,60.0,MAR-16,2015-16
Moti Paneli S/S,State,220/66,GETCO,50.0,MAR-16,2015-16
Navsari S/S,State,220/66,GETCO,50.0,MAR-16,2015-16
Palanpur S/S,State,220/66,GETCO,160.0,MAR-16,2015-16
Ranasan S/S,State,220/132,GETCO,50.0,MAR-16,2015-16
Sagapara S/S,State,220/66,GETCO,50.0,MAR-16,2015-16
Sardargadh S/S,State,220/66,GETCO,50.0,MAR-16,2015-16
Tharad S/S,State,220/66,GETCO,100.0,MAR-16,2015-16
Vallabhipur S/S ( Upgradation from 132 kV),State,220/132,GETCO,200.0,MAR-16,2015-16
Vapi (Addl.) S/S,State,220/66,GETCO,60.0,MAR-16,2015-16
Veloda (Sankhari) S/S,State,220/66,GETCO,320.0,MAR-16,2015-16
Waghodia S/S,State,220/66,GETCO,50.0,MAR-16,2015-16
Chaibasa,State,220/132,JSEB,300.0,MAR-16,2015-16
Ashoknagar S/S (upgradation),State,220/132,MPPTCL,160.0,MAR-16,2015-16
Shivpuri (addl) S/S,State,220/132,MPPTCL,160.0,MAR-16,2015-16
Akurdi (3x50),State,220/22,MSETCL,150.0,MAR-16,2015-16
Bhalwani S/S,State,220/33,MSETCL,50.0,MAR-16,2015-16
Bhokar S/S (addl.),State,220/132/33,MSETCL,200.0,MAR-16,2015-16
Bridestone (addl.),State,220/33,MSETCL,50.0,MAR-16,2015-16
Chakan-II,State,220/132,MSETCL,200.0,MAR-16,2015-16
Gadchandur (50-25),State,220/33,MSETCL,25.0,MAR-16,2015-16
Kondhwa S/S,State,220/22,MSETCL,100.0,MAR-16,2015-16
MIDC  Lonand  S/S,State,220/132/33,MSETCL,150.0,MAR-16,2015-16
Magarpatta S/S (ICT-I),State,220/132,MSETCL,100.0,MAR-16,2015-16
Mahape (addl.),State,220/22,MSETCL,50.0,MAR-16,2015-16
Manjarsumbha S/S,State,220/33,MSETCL,25.0,MAR-16,2015-16
Pal Dombivali S/S,State,220/22,MSETCL,100.0,MAR-16,2015-16
Walchandnagar,State,220/132,MSETCL,200.0,MAR-16,2015-16
Nangalbibra S/S (at Agia in Assam for Meghalaya),State,220/132,MeECL,100.0,MAR-16,2015-16
Naraingarh S/S (Upgraded from 132 kV),State,220/66,PSTCL,160.0,MAR-16,2015-16
Badnu (2nd ICT addl.),State,220/132,RVPNL,160.0,MAR-16,2015-16
Barli (Distt. Jodhpur ) S/S,State,220/132,RVPNL,160.0,MAR-16,2015-16
Danta Ramgarh,State,220/132,RVPNL,160.0,MAR-16,2015-16
Jethana S/S,State,220/132,RVPNL,160.0,MAR-16,2015-16
Niawana S/S,State,220/132,RVPNL,160.0,MAR-16,2015-16
Phalodi (2nd ICT addl.),State,220/132,RVPNL,160.0,MAR-16,2015-16
Alandur (Addl.) S/S,State,230/33,TANTRANSCO,200.0,MAR-16,2015-16
Anuppankulam (3rd auto transformer),State,230/110,TANTRANSCO,100.0,MAR-16,2015-16
Guindy (3rd auto tx.),State,230/110,TANTRANSCO,100.0,MAR-16,2015-16
Karuvalur (JICA) S/S,State,230/110,TANTRANSCO,200.0,MAR-16,2015-16
Manthani S/S,State,220/132,TSTRANSCO,200.0,MAR-16,2015-16
Salivagu Lift Irrigation,State,220/11,TSTRANSCO,63.0,MAR-16,2015-16
"Boner, Aligarh (New)",State,220/132,UPPTCL,160.0,MAR-16,2015-16
Dadri (Aug)(160-100),State,220/132,UPPTCL,60.0,MAR-16,2015-16
Firozabad (Aug.),State,220/132,UPPTCL,50.0,MAR-16,2015-16
Gajraula (Aug.),State,220/132,UPPTCL,60.0,MAR-16,2015-16
Noida Sector - 129 (Aug.),State,220/132,UPPTCL,160.0,MAR-16,2015-16
Sikandara (Agra) (Aug) (2x60-1x60),State,220/33,UPPTCL,60.0,MAR-16,2015-16
moradabad (Aug.) (160-100),State,220/132,UPPTCL,60.0,MAR-16,2015-16
"Biswanath Chariyali & Agra HVDC terminal
(Pole-II)",Central,800,PGCIL,1500.0,AUG-16,2016-17
Alipurduar & Agra (Extn.) HVDC s/s (Pole-3),Central,800,PGCIL,1500.0,MAR-17,2016-17
Champa & Kurukshetra HVDC s/s (Pole-1),Central,800,PGCIL,1500.0,MAR-17,2016-17
Pune (GIS) S/S,Central,765/400,PGCIL,3000.0,JUN-16,2016-17
Kanpur (GIS) S/S,Central,765/400,PGCIL,3000.0,JUL-16,2016-17
Champa Pooling Station (ICT-III & IV),Central,765/400,PGCIL,3000.0,SEP-16,2016-17
Champa Pooling Station (ICT-V& VI),Central,765/400,PGCIL,3000.0,DEC-16,2016-17
Vemagiri Pooling Station  (ICT-1),Central,765/400,PGCIL,1500.0,JAN-17,2016-17
Extn. Raigarh S/S,Central,765/400,PGCIL,1500.0,MAR-17,2016-17
Nizamabad Sub station (ICT-I),Central,765/400,PGCIL,1500.0,MAR-17,2016-17
Raipur (Extn.),Central,765/400,PGCIL,1500.0,MAR-17,2016-17
Vemagiri PS (ICT-II ),Central,765/400,PGCIL,1500.0,MAR-17,2016-17
Greater Noida AIS (ICT-2),Private,765/400,WUPPTCL,1500.0,APR-16,2016-17
Mainpuri S/S (ICT-1),Private,765/400,SEUPPTCL,1000.0,JAN-17,2016-17
Aurangabad III  (Ektuni) S/S (ICT-I),State,765/400,MSETCL,1500.0,MAY-16,2016-17
Agra (UP) S/S (ICT-I) (Fatehabad),State,765/400,UPPTCL,1500.0,SEP-16,2016-17
Agra (UP) S/S (ICT-II) (Fatehabad),State,765/400,UPPTCL,1500.0,FEB-17,2016-17
"Mandola S/s (Aug.) ICT-II (Replacing 315 MVA
with 500 MVA ICT)",Central,400/220,PGCIL,185.0,APR-16,2016-17
N.P. Kunta Pooling Station S/S (ICT-I),Central,400/220,PGCIL,500.0,APR-16,2016-17
Mandola S/s (Aug.) ICT-III (Replacement of 315 MVA by 500 MVA),Central,400/220,PGCIL,185.0,MAY-16,2016-17
Balipara (2nd ICT),Central,400/220,PGCIL,315.0,MAY-16,2016-17
Saharanpur S/S,Central,400/220,PGCIL,630.0,MAY-16,2016-17
Bagpat (ICT-II) S/S,Central,400/220,PGCIL,500.0,JUN-16,2016-17
Jalandhar (Extn.),Central,400/220,PGCIL,500.0,JUN-16,2016-17
Pandiabil S/S (ICT-I & II),Central,400/220,PGCIL,1000.0,JUN-16,2016-17
Jharkhand Pool (Chandwa) Switching GIS,Central,400,PGCIL,0.0,JUL-16,2016-17
N.P. Kunta Pooling Station S/S (ICT-II & III),Central,400/220,PGCIL,1000.0,JUL-16,2016-17
Somanahalli S/S,Central,400/220,PGCIL,500.0,AUG-16,2016-17
"Ballabhgarh S/S (Replacement of ICT-I & ICT-
II) ((500-315)",Central,400/220,PGCIL,370.0,SEP-16,2016-17
Baripada (Addl.),Central,400/220,PGCIL,500.0,SEP-16,2016-17
Extn. at Mysore  S/S,Central,400/220,PGCIL,500.0,SEP-16,2016-17
Kishanganj S/S (ICT-II),Central,400/220/33,PGCIL,500.0,SEP-16,2016-17
Maithon S/S (Replacement of ICT-I)  (500-315),Central,400/220,PGCIL,185.0,SEP-16,2016-17
Patna (Replacement of ICT-I) (500-315),Central,400/220,PGCIL,185.0,SEP-16,2016-17
Purnea S/S (Replacement of ICT-II) (500-315),Central,400/220,PGCIL,185.0,SEP-16,2016-17
"Mandola s/s (Aug.) ICT-IV (Replacing 315 MVA
with 500 MVA ICT)",Central,400/220,PGCIL,185.0,OCT-16,2016-17
Samba (Extn.) S/S,Central,400/220,PGCIL,315.0,OCT-16,2016-17
Extn. at 400/220 KV Damoh s/s,Central,400/220,PGCIL,500.0,NOV-16,2016-17
Extn. at Madurai s/s,Central,400/220,PGCIL,500.0,DEC-16,2016-17
Dehar s/s (Replacement),Central,400/220,PGCIL,65.0,JAN-17,2016-17
Dehradun,Central,400/220,PGCIL,630.0,JAN-17,2016-17
Extn. at Hyderabad S/s,Central,400/220,PGCIL,500.0,FEB-17,2016-17
Aug. Vijayawada s/s,Central,400/220,PGCIL,500.0,MAR-17,2016-17
Aug. at Pugalur s/s,Central,400/220,PGCIL,500.0,MAR-17,2016-17
Sikandrabad AIS (ICT-2),Private,400/220,WUPPTCL,500.0,APR-16,2016-17
Patran S/S (ICT I & II) (PTL - TBCB),Private,400/220,PATRANTCL,1000.0,JUN-16,2016-17
Sikandrabad AIS (ICT-1),Private,400/220,WUPPTCL,500.0,JUN-16,2016-17
Alwar S/S,Private,400/220,APL,630.0,FEB-17,2016-17
Deedwana S/S,Private,400/220/132,APL,630.0,FEB-17,2016-17
400 KV Gonda S/s,Private,220/132,SEUPPTCL,200.0,FEB-17,2016-17
N.P. Kunta Poling Station,State,220/33,APTRANSCO,160.0,APR-16,2016-17
DSIIDC Bawana (Addl.),State,220/66,DTL,160.0,APR-16,2016-17
Kanjhawala (Addl.),State,220/66,DTL,160.0,APR-16,2016-17
Pappankalan-II (Addl.),State,220/66,DTL,160.0,APR-16,2016-17
"Replacement of 100 MVA by 160 MVA at
Pappankalan-I",State,220/66,DTL,60.0,APR-16,2016-17
Sarita Vihar (Addl.),State,220/66,DTL,100.0,APR-16,2016-17
Pithampur-II S/S (Upgradation of 132 kV S/S),State,220/132,MPPTCL,160.0,APR-16,2016-17
Shajapur (Addl. 2nd Unit),State,220/132,MPPTCL,160.0,APR-16,2016-17
Sarna  (Addl.),State,220/132,PSTCL,100.0,APR-16,2016-17
Bansur (Distt. Alwar) S/S,State,220/132,RVPNL,160.0,APR-16,2016-17
KIDS Park (3r Auto Trf.),State,220/110,TANTRANSCO,100.0,APR-16,2016-17
Parigi (ICT-I) S/S,State,220/132,TSTRANSCO,100.0,APR-16,2016-17
Kaul S/S,State,220/132,HVPNL,100.0,MAY-16,2016-17
Sonta S/S (ICT-I),State,220/66,HVPNL,100.0,MAY-16,2016-17
Gurubarapally S/S (2nd Auto  Tr.),State,220/110,TANTRANSCO,100.0,MAY-16,2016-17
Singapuram S/S (ICT-I),State,220/110,TANTRANSCO,100.0,MAY-16,2016-17
Azamgarh (Aug). (160-100),State,220/132,UPPTCL,60.0,MAY-16,2016-17
Baghpat S/S,State,220/132,UPPTCL,100.0,MAY-16,2016-17
Bhelupur,State,220/132,UPPTCL,60.0,MAY-16,2016-17
Moradabad (Aug.) (160-100),State,220/132,UPPTCL,60.0,MAY-16,2016-17
Nighasan S/S,State,220/132,UPPTCL,200.0,MAY-16,2016-17
Egra S/S,State,220/132,WBSETCL,160.0,MAY-16,2016-17
Mugaliachhap (New S/s) Bhopal,State,220/132,MPPTCL,160.0,JUN-16,2016-17
Badal (New) S/S,State,220/66,PSTCL,100.0,JUN-16,2016-17
Jadla S/S,State,220/66,PSTCL,160.0,JUN-16,2016-17
Majra S/S,State,220/66,PSTCL,160.0,JUN-16,2016-17
Kanasar S/S,State,220/132,RVPNL,160.0,JUN-16,2016-17
Bahraich S/S,State,220/132,UPPTCL,200.0,JUN-16,2016-17
Mahoba S/S,State,220/132,UPPTCL,100.0,JUN-16,2016-17
Sikandra Rau S/S,State,220/132,UPPTCL,160.0,JUN-16,2016-17
Vajrakarur,State,220/132,APTRANSCO,100.0,JUL-16,2016-17
Hukmawali S/S,State,220/132,HVPNL,200.0,JUL-16,2016-17
Egra (ICT-II) S/S,State,220/132,WBSETCL,160.0,JUL-16,2016-17
Vidyasagar Park (ICT-I & II),State,220/132,WBSETCL,320.0,JUL-16,2016-17
Agthala (Aug.),State,220/66,GETCO,100.0,AUG-16,2016-17
Chhatral (Aug.),State,220/66,GETCO,100.0,AUG-16,2016-17
Kansari (Aug.),State,220/66,GETCO,60.0,AUG-16,2016-17
Kim (Aug.),State,220/66,GETCO,100.0,AUG-16,2016-17
Mehsana (Aug.),State,220/132,GETCO,50.0,AUG-16,2016-17
Mota (Aug.),State,220/66,GETCO,110.0,AUG-16,2016-17
Rajkot (Nyara) (Aug.),State,220/66,GETCO,60.0,AUG-16,2016-17
Salejada (Aug.),State,220/66,GETCO,100.0,AUG-16,2016-17
Atri (Karadagadia ) 2nd ICT S/S,State,220/132/33,OPTCL,160.0,AUG-16,2016-17
Puri (Samangara) ICT-II S/S,State,220/132,OPTCL,160.0,AUG-16,2016-17
Abohar (Addl.),State,220/66,PSTCL,100.0,AUG-16,2016-17
Echur (Purisai) (JICA) S/S,State,230/110,TANTRANSCO,200.0,AUG-16,2016-17
Mosur S/S (4th Addl. Auto tr),State,220/110,TANTRANSCO,100.0,AUG-16,2016-17
Barahua S/S,State,220/132,UPPTCL,100.0,AUG-16,2016-17
Dhanaula (Addl.),State,220/66,PSTCL,100.0,SEP-16,2016-17
Nurmehal (Addl.),State,220/66,PSTCL,100.0,SEP-16,2016-17
Science city (Jalandhar),State,220/132,PSTCL,100.0,SEP-16,2016-17
Bah (New) S/S ICT-I,State,220/132,UPPTCL,100.0,SEP-16,2016-17
Hardoi (Aug.),State,220/132,UPPTCL,100.0,SEP-16,2016-17
Sikandra Rau (New) (ICT-II),State,220/132,UPPTCL,160.0,SEP-16,2016-17
Sirsaganj (new) S/S,State,220/132,UPPTCL,280.0,SEP-16,2016-17
Kishanganj S/S,State,220/132/33,BSEB,320.0,OCT-16,2016-17
Samastipur S/S (ICT-I),State,220/132/33,BSEB,160.0,OCT-16,2016-17
Bastara s/s (Addl.),State,220/132,HVPNL,100.0,OCT-16,2016-17
Chhatarpur (Addl. X-mer),State,220/132,MPPTCL,160.0,OCT-16,2016-17
Rajpura (Addl.),State,220/66,PSTCL,100.0,OCT-16,2016-17
Mahoba s/s (ICT-II),State,220/132,UPPTCL,100.0,OCT-16,2016-17
Morti (New) S/S,State,220/132,UPPTCL,160.0,OCT-16,2016-17
Rewari (Aug.),State,220/132,HVPNL,100.0,NOV-16,2016-17
Kanakapura (Aug.),State,220/66,KPTCL,100.0,NOV-16,2016-17
Handia,State,220/132,MPPTCL,160.0,NOV-16,2016-17
Kotar (Aug.),State,220/132,MPPTCL,160.0,NOV-16,2016-17
Mandideep S/S,State,220/132,MPPTCL,160.0,NOV-16,2016-17
Amalner (Replacement) (200-100),State,220/132,MSETCL,100.0,NOV-16,2016-17
Dondaicha (Additional),State,220/33,MSETCL,50.0,NOV-16,2016-17
Halkarni-1 (Replacement)(50-25),State,220/33,MSETCL,25.0,NOV-16,2016-17
Karkambh (Additional),State,220/33,MSETCL,50.0,NOV-16,2016-17
Mumewadi (Replacement) (50-25),State,220/33,MSETCL,25.0,NOV-16,2016-17
Cuddalore s/s (3rd Auto Tr.),State,220/110,TANTRANSCO,100.0,NOV-16,2016-17
Hayathnagar,State,220/33,TSTRANSCO,100.0,NOV-16,2016-17
Gwalior-II(ICT-2)),State,220/132,MPPTCL,160.0,DEC-16,2016-17
Julwaniya (Distt.Badwani) (ICT-2),State,220/132,MPPTCL,160.0,DEC-16,2016-17
Nagra Switching S/s,State,220/132,MPPTCL,0.0,DEC-16,2016-17
Badshahpur s/s (Addl.),State,220/66,PSTCL,100.0,DEC-16,2016-17
Goner (Jaipur) S/s,State,220/132/33,RVPNL,100.0,DEC-16,2016-17
Mandelgarh (Distt. Bhilwara) S/S,State,220/132,RVPNL,100.0,DEC-16,2016-17
Nagole (Uppal) S/S,State,220/132/33,TSTRANSCO,200.0,DEC-16,2016-17
Charla (ICT-II),State,220/132,UPPTCL,160.0,DEC-16,2016-17
Debai (ICT-II) S/S,State,220/132,UPPTCL,100.0,DEC-16,2016-17
Sahibabad (Aug.),State,220/132,UPPTCL,40.0,DEC-16,2016-17
Simbhaoli (Aug.),State,220/132,UPPTCL,40.0,DEC-16,2016-17
chinhat (Aug.),State,220/132,UPPTCL,40.0,DEC-16,2016-17
Chhegaon s/s (Addl.),State,220/132,MPPTCL,160.0,JAN-17,2016-17
Sidhi S/S,State,220/132,MPPTCL,160.0,JAN-17,2016-17
Ballarshah S/S,State,220/33,MSETCL,25.0,JAN-17,2016-17
Beed s/s (Addl.),State,220/33,MSETCL,50.0,JAN-17,2016-17
Manjarsumbha S/s (Addl.),State,220/33,MSETCL,25.0,JAN-17,2016-17
Partur S/S,State,220/132-33,MSETCL,150.0,JAN-17,2016-17
Phulambri S/S (Addl.),State,220/33,MSETCL,50.0,JAN-17,2016-17
Tilawani s/s (Replacement) (100-50),State,220/33,MSETCL,50.0,JAN-17,2016-17
Vile Bhagad S/S,State,220/22,MSETCL,25.0,JAN-17,2016-17
Viraj Profile S/S,State,220/33,MSETCL,100.0,JAN-17,2016-17
Ajitwal s/s (Addl.),State,220/66,PSTCL,100.0,JAN-17,2016-17
Mastewal (Addl.),State,220/66,PSTCL,100.0,JAN-17,2016-17
Aliyar (2nd Auto Tr.),State,230/110,TANTRANSCO,100.0,JAN-17,2016-17
Kinnimangalam (JICA) S/S,State,230/110,TANTRANSCO,300.0,JAN-17,2016-17
Nallamanaickenpartty s/s (2nd Auto Tr.),State,230/110,TANTRANSCO,80.0,JAN-17,2016-17
Palladam s/s (4th Auto tr.),State,230/110,TANTRANSCO,100.0,JAN-17,2016-17
Thiruvalam (4th Auto Tr.),State,230/110,TANTRANSCO,100.0,JAN-17,2016-17
Bah (New) S/S ICT-II,State,220/132,UPPTCL,100.0,JAN-17,2016-17
"Kursi Road, Lucknow (Aug.) (200-100)",State,220/132,UPPTCL,100.0,JAN-17,2016-17
Moradabad s/s (Aug.) (200-100),State,220/132,UPPTCL,40.0,JAN-17,2016-17
"Sahupuri,Chandauli (Aug.) (200-160)",State,220/132,UPPTCL,40.0,JAN-17,2016-17
Preet Vihar GIS (ICT-I),State,220/33,DTL,100.0,FEB-17,2016-17
Botad (Aug.),State,220/132,GETCO,150.0,FEB-17,2016-17
Gondal (Aug.),State,220/132,GETCO,50.0,FEB-17,2016-17
Haldarwa (Aug.),State,220/66,GETCO,100.0,FEB-17,2016-17
Khanpur (Aug.),State,220/66,GETCO,100.0,FEB-17,2016-17
Kheralu (Aug.),State,220/66,GETCO,60.0,FEB-17,2016-17
Panandhro (KLTPS) (Aug.),State,220/66,GETCO,50.0,FEB-17,2016-17
Ranasan (Aug.),State,220/132,GETCO,50.0,FEB-17,2016-17
Wagra (Aug.),State,220/66,GETCO,50.0,FEB-17,2016-17
Magadi S/S,State,220/66,KPTCL,200.0,FEB-17,2016-17
Himmatpura S/s (Trf. Replacement) (160-100),State,220/132,PSTCL,60.0,FEB-17,2016-17
Amberi S/S,State,220/132,RVPNL,160.0,FEB-17,2016-17
Sawaimadhopur S/s (Aug.) (160-100),State,220/132,RVPNL,60.0,FEB-17,2016-17
Tiruchuli (Near Muthuramalingapuram),State,230/110,TANTRANSCO,100.0,FEB-17,2016-17
"Chilakalaguda GIS (Osmania University) (ICT-
II)",State,220/132,TSTRANSCO,160.0,FEB-17,2016-17
Imlibun (GIS),State,220/132,TSTRANSCO,320.0,FEB-17,2016-17
Singotam X Roads S/s,State,220/33,TSTRANSCO,40.0,FEB-17,2016-17
Sircilla S/s (Karimnagar Distt.),State,220/132,TSTRANSCO,300.0,FEB-17,2016-17
Badaun (Aug.) ICT-II (200-150),State,220/132,UPPTCL,50.0,FEB-17,2016-17
"Dohna, Bareily  (Aug.) ICT -I (160 -100)",State,220/132,UPPTCL,60.0,FEB-17,2016-17
Shamli (Aug.) ICT -II (200-160),State,220/132,UPPTCL,40.0,FEB-17,2016-17
Sultanpur (Aug.) ICT-I (200-160),State,220/132,UPPTCL,40.0,FEB-17,2016-17
Preet Vihar GIS (ICT-II),State,220/33,DTL,100.0,MAR-17,2016-17
Bhatia (Aug.),State,220/132,GETCO,100.0,MAR-17,2016-17
Gotri s/s (Aug.),State,220/66,GETCO,160.0,MAR-17,2016-17
Jamnagar ICT- II,State,220/132,GETCO,50.0,MAR-17,2016-17
Sartanpar (Aug.),State,220/132,GETCO,100.0,MAR-17,2016-17
Bhoktoo S/S,State,220/66,HPPTCL,31.0,MAR-17,2016-17
Phojal GIS,State,220/33,HPPTCL,100.0,MAR-17,2016-17
Gowribidanur (Aug.),State,220/66,KPTCL,100.0,MAR-17,2016-17
Vikas Tech Park,State,220/66,KPTCL,300.0,MAR-17,2016-17
Daloda 220 KV S/s (Addl.) (1x160 MVA),State,220/132,MPPTCL,160.0,MAR-17,2016-17
Sarni (Aug.) (160-100),State,220/132,MPPTCL,60.0,MAR-17,2016-17
Amalner (200-100) 2nd ICT,State,220/132,MSETCL,100.0,MAR-17,2016-17
Anjangaon S/S,State,220/132,MSETCL,100.0,MAR-17,2016-17
Ballarshah s/s (2nd ICT),State,220/33,MSETCL,25.0,MAR-17,2016-17
Bhugaon (Aug.) 2 x (50- 25),State,220/33,MSETCL,50.0,MAR-17,2016-17
Chakan s/s (ICT - II),State,220/132,MSETCL,100.0,MAR-17,2016-17
Kandalgaon (Aug.) (100 - 50),State,220/132,MSETCL,50.0,MAR-17,2016-17
Loni Deokar S/S (2x100 MVA ICT- I&II,State,220/132,MSETCL,200.0,MAR-17,2016-17
Lote s/s (Aug.) (50-25),State,220/33,MSETCL,25.0,MAR-17,2016-17
Partur S/S (2x100+2x50),State,220/132,MSETCL,150.0,MAR-17,2016-17
Ranjangaon (Addl.),State,220/22,MSETCL,50.0,MAR-17,2016-17
Vairag s/s (2x25),State,220/33,MSETCL,50.0,MAR-17,2016-17
Wathar (Addl.),State,220/33,MSETCL,50.0,MAR-17,2016-17
Chandaka - B GIS S/S,State,220/132,OPTCL,320.0,MAR-17,2016-17
Cuttack s/s (Poporada),State,220/132,OPTCL,160.0,MAR-17,2016-17
Infocity-II GIS,State,220/33,OPTCL,80.0,MAR-17,2016-17
Malkangiri S/S,State,220/33,OPTCL,40.0,MAR-17,2016-17
Ablowal (Patoala) s/s (Addl.),State,220/66,PSTCL,160.0,MAR-17,2016-17
Bhari s/s,State,220/66,PSTCL,160.0,MAR-17,2016-17
Bhateri s/s (Aug.) (160-100),State,220/66,PSTCL,60.0,MAR-17,2016-17
Bhawanimandi s/s,State,220/132,RVPNL,160.0,MAR-17,2016-17
Jhalamand s/s,State,220/132,RVPNL,160.0,MAR-17,2016-17
Ambattur 3dr Main Road,State,230/110,TANTRANSCO,200.0,MAR-17,2016-17
Kurukathi,State,230/110,TANTRANSCO,80.0,MAR-17,2016-17
Poiyur,State,230/110,TANTRANSCO,200.0,MAR-17,2016-17
"Chandausi, Shambhal (2x160 MVA)",State,220/132,UPPTCL,160.0,MAR-17,2016-17
Gr. Noida (400) (Aug) (200-160),State,220/132,UPPTCL,40.0,MAR-17,2016-17
Rania s/s,State,220/132,UPPTCL,200.0,MAR-17,2016-17
Domjur s/s,State,220/132,WBSETCL,160.0,MAR-17,2016-17
Kasor (Aug.),State,400/220/33,GETCO,315.0,AUG-16,2016-17
Karamadai S/S,State,400/230,TANTRANSCO,945.0,AUG-16,2016-17
Jammalamadugu s/s (ICT-I),State,400/220,APTRANSCO,315.0,DEC-16,2016-17
Chittorgarh (ICT-II) S/S,State,400/220,RVPNL,315.0,DEC-16,2016-17
Kamudhi (Addl.),State,400/110,TANTRANSCO,200.0,DEC-16,2016-17
Kamavarapukota s/s (ICT-1),State,400/220,APTRANSCO,315.0,FEB-17,2016-17
Kosamba (ICT addition),State,400/220,GETCO,500.0,FEB-17,2016-17
Gr. Noida (Aug.) (500-315),State,400/220,UPPTCL,185.0,FEB-17,2016-17
Kanarapatty S/S,State,400/230-110,TANTRANSCO,1600.0,JAN-17,2016-17
Alkud S/S,State,400/220,MSETCL,500.0,JAN-17,2016-17
Uravakonda S/S,State,400/220,APTRANSCO,630.0,JUL-16,2016-17
Srinagar S/S,State,400/220,PTCUL,630.0,JUL-16,2016-17
Nanded (Kumbhargaon)S/S (ICT-II),State,400/220,MSETCL,500.0,JUN-16,2016-17
Rajpura (New) (2x500) (ICT-I),State,400/220,PSTCL,500.0,JUN-16,2016-17
Ghani s/s (PTR-I),State,400/220,APTRANSCO,500.0,MAR-17,2016-17
Kamavarapukota s/s (ICT-2),State,400/220,APTRANSCO,315.0,MAR-17,2016-17
Amreli s/s(Aug.),State,400/220,GETCO,500.0,MAR-17,2016-17
Veloda s/s,State,400/220,GETCO,1000.0,MAR-17,2016-17
Akola (Addl.),State,400/220,MSETCL,315.0,MAR-17,2016-17
Thaptitanda S/s (Aurangabad - II) (ICT- II),State,400/220,MSETCL,500.0,MAR-17,2016-17
Rajpura (New) (2x500) (ICT-II),State,400/220,PSTCL,500.0,MAR-17,2016-17
Dharmapuri (Palavadi),State,400/230,TANTRANSCO,515.0,MAR-17,2016-17
400/220/132kV SS at Narsapur(ICT-I),State,400/220,TSTRANSCO,315.0,MAR-17,2016-17
"Augmentation at 400/220kV Dichpally (3rd
PTR)",State,400/220,TSTRANSCO,315.0,MAR-17,2016-17
Gokarna S/S,State,400/220,WBSETCL,630.0,MAR-17,2016-17
Kharagpur s/s,State,400/220,WBSETCL,315.0,MAR-17,2016-17
Babhaleshwar (Additional ICT-4),State,400/220,MSETCL,500.0,NOV-16,2016-17
Aligarh (Aug.),State,400/220,UPPTCL,500.0,NOV-16,2016-17
Orai S/S (new) (ICT-I),State,400/220,UPPTCL,315.0,NOV-16,2016-17
Sattenapally,State,400/220,APTRANSCO,630.0,SEP-16,2016-17
Koradi-II (ICT-II),State,400/220,MSETCL,500.0,SEP-16,2016-17
Kamudhi S/S,State,400/230-110,TANTRANSCO,1030.0,SEP-16,2016-17
Champa and Kurukshetra HVDC S/S (Pole - II),Central,800,PGCIL,1500.0,JUN-17,2017-18
Alipurduar and Agra (Extn) HVDC S/S (Pole -4),Central,800,PGCIL,1500.0,SEP-17,2017-18
Nizamabad s/s (ICT-II),Central,765/400,PGCIL,1500.0,APR-17,2017-18
Bay Extn. at 765KV Jabalpur Pooling Station. (Gadarwara Part A),Central,765/400,PGCIL,0.0,MAY-17,2017-18
Bay Extn. at 765/400/220KV Lucknow S/stn.,Central,765,PGCIL,0.0,MAY-17,2017-18
Bay Extn. at 765/400/220KV KanpurS/stn.,Central,765,PGCIL,0.0,MAY-17,2017-18
Vindhyachal Pooling Station,Central,765/400,PGCIL,1500.0,JUL-17,2017-18
Bay Extn. at 765/400KV Hyderabad S/stn for 765KV D/C Nizamabad - Hyderabad line,Central,765/400,PGCIL,0.0,JUL-17,2017-18
Extn. Ranchi S/S,Central,765/400,PGCIL,0.0,JUL-17,2017-18
Hyderabad (Maheshwaram) (GIS) S/S - (ICT-I),Central,765/400,PGCIL,1500.0,JUL-17,2017-18
Hyderabad (Maheshwaram) (GIS) S/S - (ICT-II),Central,765/400,PGCIL,1500.0,SEP-17,2017-18
Bay Extn. at 765/400KV Kanpur GIS,Central,765/400,PGCIL,0.0,SEP-17,2017-18
Chittorgarh S/S (GEC-I),Central,765/400,PGCIL,3000.0,DEC-17,2017-18
Ajmer S/S (GEC-I),Central,765/400,PGCIL,3000.0,DEC-17,2017-18
Padghe S/S GIS,Central,765/400,PGCIL,3000.0,DEC-17,2017-18
Orai (ICT-I),Central,765/400,PGCIL,1000.0,MAR-18,2017-18
Anta GSS (ICT-3),State,765/400,RVPNL,1500.0,APR-17,2017-18
Unnao (Addl ICT- III) s/s,State,765/400,UPPTCL,1000.0,JUN-17,2017-18
765 kV S/S Greater Noida (New) ICT-II,State,765/400,UPPTCL,1500.0,FEB-18,2017-18
Hapur AIS (ICT-II),Private,765/400,WUPPTCL,1500.0,AUG-17,2017-18
Hapur (New) ICT-I,Private,765/400,WUPPTCL,1500.0,JAN-18,2017-18
Extn. Vadodara S/S (GIS),Central,400/220,PGCIL,1000.0,APR-17,2017-18
Trichy (Extn.),Central,400/220,PGCIL,500.0,JUN-17,2017-18
Agra (Extn.) s/s,Central,400/220,PGCIL,315.0,JUN-17,2017-18
Ballabhgarh S/S (Replacement of ICT-III and ICT- IV) ((500-315),Central,400/220,PGCIL,370.0,JUN-17,2017-18
Itarsi S/S,Central,400/220,PGCIL,500.0,JUL-17,2017-18
Betul (GIS) S/S,Central,400/220,PGCIL,630.0,JUL-17,2017-18
Gurgaon S/s 4th-ICT (Aug.) (under NRSS-XXXII),Central,400/220,PGCIL,500.0,JUL-17,2017-18
Kala Amb S/S (PKATL-TBCB),Central,400/220,PGCIL,630.0,AUG-17,2017-18
Mainpuri Extn.,Central,400/220,PGCIL,500.0,AUG-17,2017-18
Bay Extn. at 400/220KV Sholapur S/stn.,Central,400,PGCIL,0.0,SEP-17,2017-18
Maithon S/S (Replacement of ICT-II) (500-315),Central,400/220,PGCIL,185.0,OCT-17,2017-18
Kaithal s/s (Extn. ),Central,400/220,PGCIL,315.0,OCT-17,2017-18
Satna s/s (Extn.),Central,400/220,PGCIL,500.0,OCT-17,2017-18
Tumkur (Pavagada) Pooling Station (ICT-I),Central,400/220,PGCIL,500.0,OCT-17,2017-18
Narendra S/S - (ICT-I) Repl.,Central,400/220,PGCIL,185.0,DEC-17,2017-18
Parbati S/S (PS),Central,400/220,PGCIL,630.0,DEC-17,2017-18
Bay Extn at 400KV Tuticorin Pooling Stn.,Central,400,PGCIL,0.0,DEC-17,2017-18
Jamshedpur S/S,Central,400/220,PGCIL,315.0,DEC-17,2017-18
Gurgaon S/S - (ICT),Central,400/220,PGCIL,500.0,DEC-17,2017-18
Tumkur (Pavagada) PS (3x500) (ICT-II),Central,400/220,PGCIL,500.0,FEB-18,2017-18
400/220kV Patna S/S,Central,400/220,PGCIL,500.0,FEB-18,2017-18
Extn. at Sikar S/S,Central,400/220,PGCIL,500.0,MAR-18,2017-18
Yehlanka,Central,400/220,PGCIL,1000.0,MAR-18,2017-18
Rewa (ICT-I and II),Central,400/220,PGCIL,1000.0,MAR-18,2017-18
Extn at Tirunelveli S/s,Central,400/220,PGCIL,500.0,MAR-18,2017-18
Extn. at Kozhikode S/s,Central,400/220,PGCIL,500.0,MAR-18,2017-18
Extn.at Daltonganj S/S,Central,400/220,PGCIL,320.0,MAR-18,2017-18
Daltonganj (ICT-I),Central,400/220,PGCIL,315.0,MAR-18,2017-18
Extn. at Karaikudi s/s,Central,400/230,PGCIL,500.0,MAR-18,2017-18
Extn. at Arasur S/s,Central,400/230,PGCIL,500.0,MAR-18,2017-18
Maath (Mathura) s/s (ICT-1),State,400/220,UPPTCL,315.0,APR-17,2017-18
Azamgarh (ICT-1) (Aug 500-315),State,400/220,UPPTCL,185.0,APR-17,2017-18
Sultanpur (Additional) s/s,State,400/220,UPPTCL,315.0,MAY-17,2017-18
Maath Mathura (New) (ICT-II),State,400/220,UPPTCL,315.0,MAY-17,2017-18
Banda (New) (ICT-I),State,400/220,UPPTCL,315.0,MAY-17,2017-18
Agra (Aug) (500-315),State,400/220,UPPTCL,185.0,MAY-17,2017-18
Vemagiri (Aug) (ICT-III),State,400/220,APTRANSCO,315.0,JUN-17,2017-18
Uravakonda (Aug) (ICT-I),State,400/220,APTRANSCO,500.0,JUN-17,2017-18
Jammalamudgu (ICT-II) (GEC-I),State,400/220/132,APTRANSCO,315.0,JUN-17,2017-18
Gani (3x500 - ICT-II),State,400/220,APTRANSCO,500.0,JUN-17,2017-18
Kasara Mau (Addl ICT-III) S/s,State,400/132,UPPTCL,200.0,JUN-17,2017-18
Agra (South) S/S,State,400/132,UPPTCL,600.0,JUN-17,2017-18
Thervaigandigai,State,400/230/110,TANTRANSCO,830.0,JUN-17,2017-18
Manali (GIS),State,400/230/110,TANTRANSCO,1030.0,JUN-17,2017-18
Veltoor (Aug.),State,400/220,TSTRANSCO,315.0,JUN-17,2017-18
Rasipalayam S/S,State,400/230,TANTRANSCO,1030.0,JUN-17,2017-18
Dindi S/S,State,400/220,TSTRANSCO,630.0,JUN-17,2017-18
Gani (3x500 - ICT-III),State,400/220,APTRANSCO,500.0,JUL-17,2017-18
Dhuri (New) (Addl.),State,400/220,PSTCL,500.0,JUL-17,2017-18
Asupaka S/S,State,400/220,TSTRANSCO,315.0,AUG-17,2017-18
Alamathy,State,400/110,TANTRANSCO,200.0,AUG-17,2017-18
Manali (Addl),State,400/110,TANTRANSCO,200.0,AUG-17,2017-18
Bhadla (Distt. Jodhpur)-ICT-1,State,400/220,RVPNL,500.0,AUG-17,2017-18
Rasipalayam S/S (ICT-6),State,400/110,TANTRANSCO,200.0,AUG-17,2017-18
New Chanditala 400kV S/s,State,400/220,WBSETCL,315.0,AUG-17,2017-18
Maheswaram S/S,State,400/220,TSTRANSCO,500.0,AUG-17,2017-18
Dharmapuri (Palavady)-ICT-II,State,400/230,TANTRANSCO,315.0,SEP-17,2017-18
New Chanditala 400kV- (ICT-II),State,400/220,WBSETCL,315.0,SEP-17,2017-18
Narsapur (ICT-II),State,400/220,TSTRANSCO,315.0,SEP-17,2017-18
Dharmapuri (Palavady) 200MVA-ICT-II,State,400/110,TANTRANSCO,200.0,SEP-17,2017-18
Bhadla (Distt Jhodpur)-ICT-II,State,400/220,RVPNL,500.0,SEP-17,2017-18
Sultanpur (Aug.) (315-240),State,400/220,UPPTCL,75.0,OCT-17,2017-18
Narsapur-ICT-III,State,400/220,TSTRANSCO,315.0,NOV-17,2017-18
Orai (New) (ICT-II),State,400/220,UPPTCL,315.0,NOV-17,2017-18
Anaikadavu SS,State,400/230/110,TANTRANSCO,1030.0,NOV-17,2017-18
Chhegaon Addl. (Distt. Khandwa) (Makhan),State,400/220,MPPTCL,315.0,NOV-17,2017-18
Padhge ICT Repl(500-315),State,400/220,MSETCL,185.0,NOV-17,2017-18
Maheshwaram (2x500)-ICT-II,State,400/220,TSTRANSCO,500.0,NOV-17,2017-18
Jagdalpur (ICT-I),State,400/220,CSPTCL,315.0,NOV-17,2017-18
Sholinganallur (Ottinmbakkam) S/S,State,400/230/110,TANTRANSCO,830.0,DEC-17,2017-18
Muradnagar -II (Aug.) S/S (315-240),State,400/220,UPPTCL,75.0,DEC-17,2017-18
Moradabad (Aug.) S/S (500 - 315),State,400/220,UPPTCL,185.0,DEC-17,2017-18
Kudus New S/S - (ICT-I),State,400/220,MSETCL,500.0,DEC-17,2017-18
Gorkhpur (Aug.) (500-240),State,400/220,UPPTCL,260.0,JAN-18,2017-18
New Chanditala ICT-III,State,400/220,WBSETCL,315.0,FEB-18,2017-18
Hinjewadi II (GIS),State,400/220,MSETCL,1000.0,FEB-18,2017-18
Chandrapur-II (Addl.),State,400/220,MSETCL,500.0,MAR-18,2017-18
Sanand,State,400/220,GETCO,500.0,MAR-18,2017-18
Mardam,State,400/220,APTRANSCO,630.0,MAR-18,2017-18
Kudus (ICT -II),State,400/220,MSETCL,500.0,MAR-18,2017-18
GSS Babai S/S,State,400/220,RVPNL,315.0,MAR-18,2017-18
Muradnagar-I (Aug.) (500-315),State,400/220,UPPTCL,185.0,MAR-18,2017-18
Jejuri (Addl.),State,400/220/33,MSETCL,500.0,MAR-18,2017-18
Aurangabad-II (Thaptitanda) (Addl.),State,400/220,MSETCL,500.0,MAR-18,2017-18
Darbhanga (GIS) (DMTCL - TBCB),Private,400/220,ESSEL,1000.0,APR-17,2017-18
Nehtaur (Bijnor) (New) AIS,Private,400/132,WUPPTCL,200.0,JUN-17,2017-18
Gonda AIS,Private,400/220,SEUPPTCL,630.0,JUL-17,2017-18
Motihari (GIS) (DMTCL -TBCB),Private,400/132,ESSEL,400.0,AUG-17,2017-18
Ataur,Private,400/220,WUPPTCL,500.0,SEP-17,2017-18
Indirapuram (New),Private,400/220,WUPPTCL,1000.0,OCT-17,2017-18
Ataur (New)- ICT-II,Private,400/220,WUPPTCL,500.0,NOV-17,2017-18
Dasna GIS,Private,400/220,WUPPTCL,630.0,NOV-17,2017-18
Morena S/S (C-WRTL - TBCB),Private,400/220,APL,630.0,FEB-18,2017-18
Oragadam (3rd Auto) s/s,Central,230/110,TANTRANSCO,100.0,MAY-17,2017-18
Central CMRL (GIS) (JICA),Central,230/110,TANTRANSCO,200.0,JUN-17,2017-18
Kumbakkonam (JICA) S/S,Central,230/110,TANTRANSCO,200.0,JUN-17,2017-18
Eachangadu S/S,Central,230/110,TANTRANSCO,30.0,JUL-17,2017-18
Valayapatty,Central,230/110,TANTRANSCO,80.0,JUL-17,2017-18
Mondipatty (1x80),Central,230/110,TANTRANSCO,80.0,SEP-17,2017-18
Jambunathapuram,Central,230/110,TANTRANSCO,200.0,NOV-17,2017-18
Pudukkottai (Additional Transformer),Central,230/110,TANTRANSCO,160.0,FEB-18,2017-18
Anuppankulam (Enhancement from 1x100- 1x60),Central,230/110,TANTRANSCO,60.0,FEB-18,2017-18
Savasapuram,Central,230/110,TANTRANSCO,100.0,MAR-18,2017-18
Balipara S/S -ICT-I (Repl. 1x160-1x50),Central,220/132,PGCIL,110.0,SEP-17,2017-18
Raebareli SS (Repl. of 100 MVA to 200MVA)- ICT- 1,Central,220/132,PGCIL,100.0,NOV-17,2017-18
(J and K) Khalsti S/S,Central,220/66,PGCONSULTANCY,50.0,NOV-17,2017-18
(J and K) Leh S/S,Central,220/66,PGCONSULTANCY,125.0,NOV-17,2017-18
Raebareli SS )Repl. of 100 MVA - 200 MVA)- (ICT- II),Central,220/132,PGCIL,100.0,FEB-18,2017-18
Chandausi (Sambhal) (ICT-II),State,220/132,UPPTCL,160.0,APR-17,2017-18
RA Puram (GIS) UG (JICA),State,220/33,TANTRANSCO,200.0,APR-17,2017-18
Bonai S/S (ICT-1),State,220/33,OPTCL,20.0,APR-17,2017-18
Vile Bhagad s/s (ICT-II),State,220/22,MSETCL,25.0,APR-17,2017-18
Basti (ICT-1) (Aug 200-160),State,220/132,UPPTCL,40.0,APR-17,2017-18
Bharthana (Etawah) (ICT-1)(Aug 160-100),State,220/132,UPPTCL,60.0,APR-17,2017-18
Taramani (4th Auto Trf),State,220/110,TANTRANSCO,100.0,APR-17,2017-18
Omega Industrial Estate s/s,State,220/110,TANTRANSCO,200.0,APR-17,2017-18
Sec-1 IMT Manesar s/s,State,220/66,HVPNL,60.0,APR-17,2017-18
Meerpur Kurali s/s (ICT-1),State,220/66,HVPNL,100.0,APR-17,2017-18
Morena (new) s/s,State,220/132,MPPTCL,160.0,APR-17,2017-18
Chhata (Mathura ) s/s (ICT-1),State,220/132,UPPTCL,160.0,APR-17,2017-18
Nanauta (ICT-I) (Aug200-100),State,220/132,UPPTCL,100.0,APR-17,2017-18
Sadaipur s/s (ICT-1),State,220/132,WBSETCL,160.0,APR-17,2017-18
Kotla Jagan s/s,State,220/66,PSTCL,60.0,MAY-17,2017-18
Chinchwad-II (Addl-ICT) s/s,State,220/132,MSETCL,200.0,MAY-17,2017-18
Bhawanigarh s/s,State,220/66,PSTCL,160.0,MAY-17,2017-18
Bhelupur - (ICT -II),State,220/132,UPPTCL,60.0,MAY-17,2017-18
Allahabad (Rewa Road) (Augmentation of 160MVA ICT-II),State,220/132,UPPTCL,40.0,MAY-17,2017-18
Gurugram Sec-20 (GIS),State,220/66,HVPNL,200.0,MAY-17,2017-18
Sonta s/s (2nd T/F),State,220/66,HVPNL,100.0,MAY-17,2017-18
Airoli Knowledge Park s/s,State,220/22,MSETCL,50.0,MAY-17,2017-18
Mhaisal s/s (Addl ),State,220/33,MSETCL,25.0,MAY-17,2017-18
Jorian (Aug) S/s,State,220/132,HVPNL,60.0,JUN-17,2017-18
Bechraji S/S,State,220/66,GETCO,200.0,JUN-17,2017-18
Bhestan S/S,State,220/66,GETCO,300.0,JUN-17,2017-18
Vallabhipur S/S,State,220/66,GETCO,100.0,JUN-17,2017-18
Gurgaon Sector - 33 S/s,State,220/66,HVPNL,160.0,JUN-17,2017-18
Chinthamani (Aug.),State,220/66,KPTCL,100.0,JUN-17,2017-18
Magadi,State,220/66,KPTCL,200.0,JUN-17,2017-18
Bagha Purana (Addl),State,220/66,PSTCL,100.0,JUN-17,2017-18
Bahadurgarh (Bhater) (Aug.),State,220/66,PSTCL,100.0,JUN-17,2017-18
Dharamkot (Addl),State,220/66,PSTCL,100.0,JUN-17,2017-18
Kharghar S/s,State,220/33,MSETCL,50.0,JUN-17,2017-18
Bhokardhan (2nd Trf.),State,220/33,MSETCL,50.0,JUN-17,2017-18
Sector -6 Sonipat S/S,State,220/33,HVPNL,100.0,JUN-17,2017-18
Masjid Moth (Addl.),State,220/33,DTL,100.0,JUN-17,2017-18
Hapur (New)(ICT-II),State,220/132/33,UPPTCL,180.0,JUN-17,2017-18
Musahari S/S,State,220/132/33,BSPTCL,320.0,JUN-17,2017-18
Motipur (GSS) (Bikhanpura new) S/S,State,220/132/33,BSPTCL,320.0,JUN-17,2017-18
Goddumarri,State,220/11,APTRANSCO,100.0,JUN-17,2017-18
Yellanur,State,220/11,APTRANSCO,50.0,JUN-17,2017-18
Barahua/ Gorakhpur (Aug),State,220/132,UPPTCL,60.0,JUN-17,2017-18
Amroha (New) (ICT-I),State,220/132,UPPTCL,160.0,JUN-17,2017-18
Dichpally (Aug.),State,220/132,TSTRANSCO,315.0,JUN-17,2017-18
Pratapgarh (Upgradation)(160-100),State,220/132,RVPNL,60.0,JUN-17,2017-18
Mandalgarh S/s,State,220/132,RVPNL,100.0,JUN-17,2017-18
Warud S/S,State,220/132,MSETCL,200.0,JUN-17,2017-18
Karnal s/s,State,220/33,HVPNL,50.0,JUL-17,2017-18
Peeragarhi (Addl.),State,220/33,DTL,100.0,JUL-17,2017-18
Mahilpur (Addl),State,220/66,PSTCL,100.0,JUL-17,2017-18
Mhaisal s/s (Addl-2),State,220/33,MSETCL,25.0,JUL-17,2017-18
Panchgaon S/S,State,220/33,HVPNL,100.0,JUL-17,2017-18
Lodhi Road GIS (Addl.),State,220/33,DTL,100.0,AUG-17,2017-18
Talwandi Bhai (Addl),State,220/66,PSTCL,160.0,AUG-17,2017-18
Amroha (New)(ICT-II),State,220/132,UPPTCL,160.0,AUG-17,2017-18
Malegaon S/S,State,220/132,MSETCL,200.0,AUG-17,2017-18
Jammalamadugu (220kV ICT-I),State,220/132,APTRANSCO,160.0,AUG-17,2017-18
Gurgaon Sector - 20 (Aug.),State,220/66,HVPNL,100.0,SEP-17,2017-18
Narsapur (ICT-II) (160 MVA),State,220/132,TSTRANSCO,160.0,SEP-17,2017-18
Narsapur (ICT-I) (100 MVA),State,220/132,TSTRANSCO,100.0,SEP-17,2017-18
Yawatmal (Addl ICT),State,220/132,MSETCL,100.0,SEP-17,2017-18
Jahangirabad (Aug.) (150-100),State,220/132,UPPTCL,50.0,OCT-17,2017-18
Mangliya S/s,State,220/132,MPPTCL,160.0,OCT-17,2017-18
Miraj (Aug.) (200-100),State,220/132,MSETCL,100.0,OCT-17,2017-18
Balasore (3rd Trf.),State,220/132,OPTCL,160.0,OCT-17,2017-18
Sarnath (Aug.),State,220/132,UPPTCL,200.0,OCT-17,2017-18
Beed (Aug.),State,220/33,MSETCL,25.0,OCT-17,2017-18
Waluj (Aug.) (100-50),State,220/33,MSETCL,50.0,OCT-17,2017-18
Bonai (2nd Trf.),State,220/33,OPTCL,20.0,OCT-17,2017-18
Panchgaon,State,220/66,HVPNL,160.0,OCT-17,2017-18
Kanjli (2nd Addl. Trf.),State,220/66,PSTCL,100.0,OCT-17,2017-18
Pilibhit ICT-I,State,220/132,UPPTCL,100.0,NOV-17,2017-18
Bassi (Said Pura)- ICT-III,State,220/66,PSTCL,100.0,NOV-17,2017-18
Isherwal (Aug),State,220/132,HVPNL,100.0,NOV-17,2017-18
Pinjore s/s,State,220/66,HVPNL,100.0,NOV-17,2017-18
Pandhurna S/S,State,220/132,MPPTCL,160.0,NOV-17,2017-18
Hinjewadi Trf repl. (100-50),State,220/22,MSETCL,50.0,DEC-17,2017-18
Sitapur (Aug.) S/S (200-100),State,220/132,UPPTCL,100.0,DEC-17,2017-18
Shatabdinagar (Aug.) S/S (200-160),State,220/132,UPPTCL,40.0,DEC-17,2017-18
Pilibhit (New) S/S (ICT-II),State,220/132,UPPTCL,100.0,DEC-17,2017-18
Noida Sec.-62 S/S (Aug.) (160-100),State,220/132,UPPTCL,60.0,DEC-17,2017-18
Nanauta (Aug.) S/S (200-160),State,220/132,UPPTCL,40.0,DEC-17,2017-18
Anjangaon S/S,State,220/33,MSETCL,50.0,DEC-17,2017-18
Sarna S/S (ICT-II),State,220/66,PSTCL,100.0,DEC-17,2017-18
Panchkula Sector- 32 S/S,State,220/66,HVPNL,200.0,DEC-17,2017-18
Shahdol (Upgradation),State,220/132,MPPTCL,160.0,JAN-18,2017-18
Khurja (Aug.) (200-160)-ICT-I,State,220/132,UPPTCL,40.0,JAN-18,2017-18
Gr. Noida (Aug) (200-160)-ICT-II,State,220/132,UPPTCL,40.0,JAN-18,2017-18
Bhugaon (Addl.),State,220/132,MSETCL,100.0,JAN-18,2017-18
Arambag (Aug.),State,220/132,WBSETCL,160.0,FEB-18,2017-18
Sadaipur s/s (ICT-II),State,220/132,WBSETCL,160.0,FEB-18,2017-18
220 kV S/S Sahupuri (Aug.) II (200-160),State,220/132,UPPTCL,40.0,FEB-18,2017-18
220kV S/S Shahjahanpur (Aug.) (200-100),State,220/132,UPPTCL,100.0,FEB-18,2017-18
Alipurduar S/S,State,220/132,WBSETCL,320.0,FEB-18,2017-18
Mansa (ICT Repl.),State,220/66,PSTCL,60.0,FEB-18,2017-18
KIADB Hardware Park Devanahalli S/S,State,220/66,KPTCL,200.0,FEB-18,2017-18
Gururam Sec.-56,State,220/66,HVPNL,160.0,FEB-18,2017-18
Pappankalan-III,State,220/66,DTL,320.0,FEB-18,2017-18
220kV S/S Nara Mzn (Aug.)I (200-160),State,220/132,UPPTCL,40.0,FEB-18,2017-18
220kV S/S Modipuram (Aug.)II(200-160),State,220/132,UPPTCL,40.0,FEB-18,2017-18
220kV S/S Gonda (Aug.) II (160-100),State,220/132,UPPTCL,60.0,FEB-18,2017-18
220 kV S/S Gajokhar (Aug.) I (160-100),State,220/132,UPPTCL,60.0,FEB-18,2017-18
220kV S/S Fatehpur (Aug(200-160),State,220/132,UPPTCL,40.0,FEB-18,2017-18
220 kV S/S Azamgarh-II (New),State,220/132,UPPTCL,320.0,FEB-18,2017-18
Jalna MIDC (Nagewadi),State,220/132,MSETCL,150.0,FEB-18,2017-18
Bhadrak (ICT Repl.),State,220/132,OPTCL,60.0,FEB-18,2017-18
Satgachia Aug.,State,220/132,WBSETCL,160.0,FEB-18,2017-18
Karian S/S,State,220/33,HPPTCL,63.0,FEB-18,2017-18
Krishna nagar (Aug.),State,220/132,WBSETCL,160.0,FEB-18,2017-18
Rajla (160-100),State,220/132,PSTCL,60.0,MAR-18,2017-18
Meerpur Kurali s/s (ICT-2),State,220/66,HVPNL,100.0,MAR-18,2017-18
Zagadia,State,220/66,GETCO,160.0,MAR-18,2017-18
Ukai (Hydro),State,220/66,GETCO,160.0,MAR-18,2017-18
Sanand,State,220/66,GETCO,160.0,MAR-18,2017-18
Sachin (Talangpore),State,220/66,GETCO,60.0,MAR-18,2017-18
Botad s/s,State,220/66,GETCO,160.0,MAR-18,2017-18
CG City (AIS) Lucknow (New),State,220/33,UPPTCL,180.0,MAR-18,2017-18
Malkangiri (ICT-II),State,220/33,OPTCL,40.0,MAR-18,2017-18
Mendhegiri (Wind),State,220/33,MSETCL,50.0,MAR-18,2017-18
Krishnoor S/S,State,220/33,MSETCL,25.0,MAR-18,2017-18
Theur s/s (Addl.),State,220/22,MSETCL,50.0,MAR-18,2017-18
Bargarh New (ICT-I),State,220/132/33,OPTCL,100.0,MAR-18,2017-18
R.C. Green Gr. Noida (Aug.),State,220/132,UPPTCL,160.0,MAR-18,2017-18
Noida Sec-148 (New),State,220/132,UPPTCL,160.0,MAR-18,2017-18
Neebkarori Farrukhabad (New),State,220/132,UPPTCL,100.0,MAR-18,2017-18
Motiran Adda Gorakhpur (Aug.) (ICT-III (Addl.),State,220/132,UPPTCL,160.0,MAR-18,2017-18
Mirzapur (Aug.) (160-100),State,220/132,UPPTCL,60.0,MAR-18,2017-18
Bansi Siddharth Nagar (New),State,220/132,UPPTCL,100.0,MAR-18,2017-18
Agra (Aug.) (160-100),State,220/132,UPPTCL,60.0,MAR-18,2017-18
Palwal (Aug.),State,220/66,HVPNL,160.0,MAR-18,2017-18
Kartarpur (160-100),State,220/132,PSTCL,60.0,MAR-18,2017-18
Ahemednagar (Kedgaon) (Addl.),State,220/132,MSETCL,200.0,MAR-18,2017-18
Dadhibana (Aug.),State,220/132,HVPNL,100.0,MAR-18,2017-18
Shapur s/s,State,220/132,GETCO,100.0,MAR-18,2017-18
Gotri,State,220/132,GETCO,300.0,MAR-18,2017-18
Ataur (3x60 MVA),Private,220/33,WUPPTCL,180.0,SEP-17,2017-18
Orai (ICT-II),Central,765/400,PGCIL,1000.0,APR-18,2018-19
Parli (New) S/s (PPTL -TBCB),Central,765/400,PGCIL,3000.0,APR-18,2018-19
Warora PS (PWTL-TBCB),Central,765/400,PGCIL,3000.0,JUN-18,2018-19
Srikakulam S/S,Central,765/400,PGCIL,3000.0,AUG-18,2018-19
Cuddapah S/s,Central,765/400,PGCIL,3000.0,OCT-18,2018-19
Extn. at Gaya S/S (1x1500 MVA),Central,765/400,PGCIL,1500.0,JAN-19,2018-19
Banaskanta S/S,Central,765/400,PGCIL,3000.0,FEB-19,2018-19
Bhuj Pooling Station,Central,765/400,PGCIL,3000.0,MAR-19,2018-19
Narendra (ICT-II Repl.) (500-315),Central,400/220,PGCIL,185.0,APR-18,2018-19
Boisar (Extn.),Central,400/220,PGCIL,500.0,MAY-18,2018-19
Khandwa (Extn.),Central,400/220,PGCIL,500.0,MAY-18,2018-19
Tirunelveli Pooling station,Central,400/220,PGCIL,1000.0,JUN-18,2018-19
Warangal (Extn),Central,400/220,PGCIL,500.0,JUN-18,2018-19
Pondicherry (Extn),Central,400/230,PGCIL,500.0,JUN-18,2018-19
Khammam (Extn),Central,400/220,PGCIL,500.0,JUN-18,2018-19
Gooty (Extn),Central,400/220,PGCIL,500.0,JUN-18,2018-19
Degham (Extn),Central,400/220,PGCIL,500.0,JUN-18,2018-19
Tumkur (Pavagada) PS ICT-III,Central,400/220,PGCIL,500.0,JUL-18,2018-19
Parli Switching Station (Extn.),Central,400/220,PGCIL,1000.0,JUL-18,2018-19
Silcher ICT-III,Central,400/132,PGCIL,315.0,JUL-18,2018-19
Extn. at Indore S/s,Central,400/220,PGCIL,1000.0,SEP-18,2018-19
Extn. at Cuddapah s/s,Central,400/220,PGCIL,500.0,SEP-18,2018-19
Extn. at NP Kunta S/s,Central,400/220,PGCIL,500.0,SEP-18,2018-19
Tughlakabad S/S (GIS),Central,400/220,PGCIL,1500.0,OCT-18,2018-19
Tughlakabad GIS (4th-ICT),Central,400/220,PGCIL,500.0,NOV-18,2018-19
Daltonganj s/s (2nd -ICT),Central,400/220,PGCIL,315.0,NOV-18,2018-19
Kala s/s Extn. (3rd ICT),Central,400/220,PGCIL,500.0,NOV-18,2018-19
Imphal S/S (upgradation from 132/33kV to 400/132kV) (ICT-I),Central,400/132,PGCIL,315.0,DEC-18,2018-19
Extn. at Gaya s/s,Central,400/220,PGCIL,500.0,JAN-19,2018-19
Up-grading of 132/33 kV Imphal S/S to 400/132 kV (Installation of 7x105 MVA ICT),Central,400/132,PGCIL,315.0,JAN-19,2018-19
Rewa (ICT-III),Central,400/220,PGCIL,500.0,FEB-19,2018-19
Cuddapah (Extn.),Central,400/220,PGCIL,500.0,FEB-19,2018-19
Rajarhat (GIS) S/S (2x500 MVA)1st Unit,Central,400/220,PGCIL,500.0,FEB-19,2018-19
Patna (Replacement of ICT-II) (500-315),Central,400/220,PGCIL,185.0,FEB-19,2018-19
Lucknow (ICT),Central,400/220,PGCIL,500.0,MAR-19,2018-19
Hamirpur (ICT),Central,400/220,PGCIL,315.0,MAR-19,2018-19
Dismantling/Removal of 4x105 MVA ICT at 400/220KV Misa s/s and addition of 2x500MVA ICT. (ICT-I com,Central,400/220,PGCIL,500.0,MAR-19,2018-19
Banda (New) ICT-II,State,400/220,UPPTCL,315.0,APR-18,2018-19
Obra-BTPS (Aug.) (315-240),State,400/220,UPPTCL,75.0,APR-18,2018-19
Moradabad (Aug.) (500-315) ICT-II,State,400/220,UPPTCL,185.0,APR-18,2018-19
Obra -BTPS (Aug.) ICT-II (315-240),State,400/220,UPPTCL,75.0,MAY-18,2018-19
Sattenapalli ICT-III,State,400/220,APTRANSCO,315.0,MAY-18,2018-19
Kalikiri,State,400/220,APTRANSCO,630.0,JUN-18,2018-19
Bhopal (Sukhi Sewaniya) (Addl.),State,400/220,MPPTCL,315.0,JUN-18,2018-19
Julurupadu S/S,State,400/220,TSTRANSCO,630.0,JUL-18,2018-19
Nirmal S/S,State,400/220,TSTRANSCO,630.0,JUL-18,2018-19
Garividi (Marala),State,400/220,APTRANSCO,630.0,AUG-18,2018-19
Lapanga S/S,State,400/220,OPTCL,315.0,AUG-18,2018-19
Nirmal ICT-III,State,400/220,TSTRANSCO,315.0,AUG-18,2018-19
Shankarpally,State,400/220,TSTRANSCO,500.0,OCT-18,2018-19
Panki Kanpur (Aug.) T/F-I,State,400/200,UPPTCL,75.0,OCT-18,2018-19
Thappagundu s/s,State,400/110,TANTRANSCO,600.0,OCT-18,2018-19
Hindupur s/s (1st ICT),State,400/220,APTRANSCO,315.0,OCT-18,2018-19
Podili s/s (1st ICT),State,400/220,APTRANSCO,315.0,OCT-18,2018-19
Doni (Gadag)S/S,State,400/220,KPTCL,1000.0,OCT-18,2018-19
Jodhpur s/s (New),State,400/220,RVPNL,315.0,OCT-18,2018-19
Kethireddypally,State,400/220/132,TSTRANSCO,630.0,NOV-18,2018-19
Malkaram (4th -ICT),State,400/220,TSTRANSCO,315.0,NOV-18,2018-19
Jagalur (Hiremallanahole) S/S,State,400/220,KPTCL,1000.0,DEC-18,2018-19
Azamgarh (Aug) T/F-II (500-315),State,400/220,UPPTCL,185.0,JAN-19,2018-19
Jagdalpur S/s (ICT-II),State,400/220,CSPTCL,315.0,FEB-19,2018-19
Sanand (ICT-II),State,400/220,GETCO,1000.0,FEB-19,2018-19
Chandrapur (ICT-II),State,400/220,MSETCL,1000.0,FEB-19,2018-19
Jaisalmer -2 S/S,State,400/220,RVPNL,500.0,FEB-19,2018-19
Masauli (Prayagraj) (New) T/F-I,State,400/132,UPPTCL,200.0,FEB-19,2018-19
Basti (Aug) T/F-II (200-160),State,400/132,UPPTCL,40.0,FEB-19,2018-19
Sambhal (Aug) T/F- II (160-100),State,400/220,UPPTCL,60.0,MAR-19,2018-19
Masauli Prayagraj (New) T/F-II,State,400/132,UPPTCL,200.0,MAR-19,2018-19
Kirnapur (Balaghat),State,400/132,MPPTCL,200.0,MAR-19,2018-19
Sarojininagar Lucknow (Aug) T/F- I (500-315),State,400/220,UPPTCL,185.0,MAR-19,2018-19
Panki Kanpur (Aug) T/F- II (315-240),State,400/220,UPPTCL,75.0,MAR-19,2018-19
Badaun (Aug) T/F- II (200-160),State,400/220,UPPTCL,40.0,MAR-19,2018-19
Kalwa s/s (Aug.),State,400/220,MSETCL,500.0,MAR-19,2018-19
Chandrapur II S/s (Aug.),State,400/220,MSETCL,500.0,MAR-19,2018-19
Badnawar (New) s/s,State,400/220,MPPTCL,315.0,MAR-19,2018-19
Daultabad S/s (Aug.),State,400/220,HVPNL,315.0,MAR-19,2018-19
Keshod s/s Aug.,State,400/220,GETCO,160.0,MAR-19,2018-19
Amargarh (GIS) S/S (NRSS-XXIX TL - TBCB),Private,400/220,SGL,630.0,AUG-18,2018-19
Porur GIS,State,230/110,TANTRANSCO,100.0,JUL-18,2018-19
Pudukkottai (Aug) (160-100),State,230/110,TANTRANSCO,60.0,JUL-18,2018-19
Sembatty (Aug)(160-100) (GEC-I),State,230/110,TANTRANSCO,60.0,JUL-18,2018-19
Kancheepuram,State,230/110,TANTRANSCO,100.0,SEP-18,2018-19
Mondipatty (Addl Auto T/F ),State,230/110,TANTRANSCO,80.0,SEP-18,2018-19
Anuppankulam (Addl. T/F),State,230/110,TANTRANSCO,60.0,OCT-18,2018-19
Neyveli S/S,State,230/110,TANTRANSCO,480.0,OCT-18,2018-19
Porur (Addl T/F),State,230/110,TANTRANSCO,100.0,OCT-18,2018-19
Gummidipoondi (IIIrD Auto),State,230/110,TANTRANSCO,100.0,FEB-19,2018-19
Thiruvannamalai (Enhancement from 100 MVA to 160 MVA),State,230/110,TANTRANSCO,60.0,MAR-19,2018-19
Thiruchuli (II Auto trfo.),State,230/110,TANTRANSCO,100.0,MAR-19,2018-19
Thiruchuli (III Auto trafo.),State,230/110,TANTRANSCO,100.0,MAR-19,2018-19
Sohawal (Aug.) (160-100) ICT-I,State,220/132,UPPTCL,60.0,APR-18,2018-19
Sarsawa New (Saharanpur) ICT-I,State,220/132,UPPTCL,160.0,APR-18,2018-19
Kanpur Road (Lucknow New),State,220/33,UPPTCL,120.0,APR-18,2018-19
Barabanki (New),State,220/132,UPPTCL,320.0,APR-18,2018-19
Verpal Repl. (100-50),State,220/66,PSTCL,50.0,APR-18,2018-19
Sarh (Kanpur Dehat New) ICT-I,State,220/132,UPPTCL,100.0,MAY-18,2018-19
Sikandara (Kanpur Dehat New) ICT-I,State,220/132,UPPTCL,100.0,MAY-18,2018-19
Barasat GIS,State,220/132,WBSETCL,320.0,MAY-18,2018-19
Jalore (160-50),State,220/132,RVPNL,110.0,MAY-18,2018-19
Bachrawan Raebareli (New )ICT-I,State,220/132,UPPTCL,160.0,MAY-18,2018-19
Baghpat (Aug.) (160-100),State,220/132,UPPTCL,60.0,MAY-18,2018-19
Hindaun (160-50),State,220/132,RVPNL,110.0,MAY-18,2018-19
Gurgaon Sec. -57,State,220/66,HVPNL,100.0,MAY-18,2018-19
Jalkot,State,220/132,MSETCL,100.0,JUN-18,2018-19
Mund,State,220/132,HVPNL,100.0,JUN-18,2018-19
Betul (Addl.),State,220/132,MPPTCL,160.0,JUN-18,2018-19
Suwasara S/S,State,220/132,MPPTCL,160.0,JUN-18,2018-19
Mandola Vihar (New ICT-I),State,220/33,UPPTCL,60.0,JUN-18,2018-19
Maur,State,220/66,PSTCL,100.0,JUN-18,2018-19
Jalkot ICT-II,State,220/132,MSETCL,100.0,JUL-18,2018-19
Limbdi (Aug) (150-50),State,220/132,GETCO,100.0,JUL-18,2018-19
Kawardha s/s,State,220/132,CSPTCL,160.0,JUL-18,2018-19
Borjhara,State,220/132,CSPTCL,160.0,JUL-18,2018-19
Parbhani (Addl),State,220/33,MSETCL,50.0,JUL-18,2018-19
Rukhi (New) ICT-I,State,220/132,UPPTCL,160.0,JUL-18,2018-19
Bhat (Aug) (2x160-100),State,220/66,GETCO,220.0,JUL-18,2018-19
Jamnagar (Aug)(160-100),State,220/66,GETCO,60.0,JUL-18,2018-19
Radhanpur (Aug),State,220/66,GETCO,160.0,JUL-18,2018-19
Tappar (Aug),State,220/66,GETCO,160.0,JUL-18,2018-19
Hoshiarpur,State,220/66,PSTCL,160.0,JUL-18,2018-19
Bansi (New) ICT-II,State,220/132,UPPTCL,100.0,JUL-18,2018-19
Mohana (Aug),State,220/132,HVPNL,100.0,JUL-18,2018-19
Jigani (2x150),State,220/66,KPTCL,300.0,AUG-18,2018-19
Mallat (Manvi) S/S,State,220/66,KPTCL,200.0,AUG-18,2018-19
Morti (New) - ICT-II,State,220/33,UPPTCL,60.0,AUG-18,2018-19
Harrawala (Dehradun) IIP (2x50),State,220/33,PTCUL,100.0,AUG-18,2018-19
Narasinghpur S/S,State,220/33,OPTCL,40.0,AUG-18,2018-19
Hinganghat,State,220/33,MSETCL,100.0,AUG-18,2018-19
R.K.Puram -II (GIS),State,220/33,DTL,200.0,AUG-18,2018-19
Hapur (New),State,220/132/33,UPPTCL,320.0,AUG-18,2018-19
Central (CMRL) (2x100),State,220/110,TANTRANSCO,200.0,AUG-18,2018-19
Thiruvannamalai (Addl.),State,220/110,TANTRANSCO,160.0,AUG-18,2018-19
Siyana ICT-I,State,220/132,UPPTCL,160.0,AUG-18,2018-19
Bhawanimandi S/S,State,220/132,RVPNL,160.0,AUG-18,2018-19
Jalna MIDC (Nagewadi) (ICT) s/s,State,220/132,MSETCL,100.0,AUG-18,2018-19
Kawant S/s,State,220/66,GETCO,160.0,AUG-18,2018-19
R.K. Puram - I (GIS),State,220/66,DTL,320.0,AUG-18,2018-19
New Town AA-III,State,220/33,WBSETCL,50.0,AUG-18,2018-19
Pirankaliyar (Imlikhera),State,220/132,PTCUL,100.0,SEP-18,2018-19
Chhanera,State,220/132,MPPTCL,320.0,SEP-18,2018-19
Suwasara (2nd Unit),State,220/132,MPPTCL,160.0,SEP-18,2018-19
Shahada Addl ICT,State,220/132,MSETCL,100.0,SEP-18,2018-19
Cuttack (One Auto T/F ),State,220/132,OPTCL,100.0,SEP-18,2018-19
Neebkarori Farrukhabad (New) T/F-II,State,220/132,UPPTCL,100.0,SEP-18,2018-19
Sarh (Kanpur Dehat New) T/F-II,State,220/132,UPPTCL,160.0,SEP-18,2018-19
Simbhaoli Ghaziabad (Aug) T/F-II,State,220/132,UPPTCL,40.0,SEP-18,2018-19
Gadchandur Addl T/F,State,220/33,MSETCL,50.0,SEP-18,2018-19
Wardha Addl. T/F,State,220/33,MSETCL,50.0,SEP-18,2018-19
Keonjhar GIS,State,220/33,OPTCL,40.0,SEP-18,2018-19
Karmsad (Aug.),State,220/66,GETCO,160.0,OCT-18,2018-19
Narwana (Aug.),State,220/132,HVPNL,60.0,OCT-18,2018-19
Therubali (3rd Auto T/F),State,220/132,OPTCL,160.0,OCT-18,2018-19
Halasar s/s,State,220/132,RVPNL,160.0,OCT-18,2018-19
Madanpur (Aug.),State,220/66,HVPNL,100.0,OCT-18,2018-19
Gurgaon Sec.-52A (Aug.),State,220/66,HVPNL,160.0,OCT-18,2018-19
Savarkundla (Aug.),State,220/66,GETCO,60.0,OCT-18,2018-19
Lalpar (Aug.),State,220/66,GETCO,60.0,OCT-18,2018-19
Bansi Siddaharthnagar (Aug) T/F-I,State,220/132,UPPTCL,60.0,OCT-18,2018-19
Hata Kushinagar (New) T/F-I,State,220/132,UPPTCL,100.0,OCT-18,2018-19
Bhuna (Aug.),State,220/132,HVPNL,100.0,OCT-18,2018-19
Mendhasal (2nd power T/F),State,220/33,OPTCL,20.0,OCT-18,2018-19
Gomti nagar Lucknow (Aug.) T/F-IV,State,220/33,UPPTCL,60.0,OCT-18,2018-19
Kanpur Road Lucknow (New) T/F-III,State,220/33,UPPTCL,60.0,OCT-18,2018-19
I.A. Hisar (Aug.),State,220/132,HVPNL,50.0,OCT-18,2018-19
Asoj (Aug),State,220/66,GETCO,150.0,OCT-18,2018-19
Kangasiyali (Aug.),State,220/66,GETCO,60.0,OCT-18,2018-19
Borjhara s/s,State,220/132,CSPTCL,160.0,NOV-18,2018-19
Dharsiwa s/s,State,220/132,CSPTCL,320.0,NOV-18,2018-19
Kawardha s/s (2nd T/F),State,220/132,CSPTCL,160.0,NOV-18,2018-19
Jind s/s (Aug.),State,220/132,HVPNL,60.0,NOV-18,2018-19
Bherunda S/S,State,220/132,RVPNL,160.0,NOV-18,2018-19
Badhni Kalan (New) s/s,State,220/66,PSTCL,100.0,NOV-18,2018-19
Pavagada S/S,State,220/66,KPTCL,200.0,NOV-18,2018-19
Panchgaon s/s (Aug.),State,220/66,HVPNL,160.0,NOV-18,2018-19
Rookhi Bulandshahar (New) T/F-I,State,220/33,UPPTCL,60.0,NOV-18,2018-19
Vasai (Addl T/F),State,220/22,MSETCL,50.0,NOV-18,2018-19
Sendhwa (New) s/s,State,220/132,MPPTCL,160.0,DEC-18,2018-19
Jhusi Prayagraj (Aug.) (200-160),State,220/132,UPPTCL,40.0,DEC-18,2018-19
Rampur s/s (Aug. (160-100),State,220/132,UPPTCL,60.0,DEC-18,2018-19
Sarh Dehat (Aug.) (160-100),State,220/132,UPPTCL,60.0,DEC-18,2018-19
Shamli S/S (Aug) Additional T/F,State,220/132,UPPTCL,100.0,DEC-18,2018-19
New Sagardighi S/S,State,220/132,WBSETCL,320.0,DEC-18,2018-19
New Town AA-III (Aug.),State,220/132,WBSETCL,160.0,DEC-18,2018-19
Kethireddypalli (2 nos of 220/132MVA PTRs),State,220/132,TSTRANSCO,200.0,DEC-18,2018-19
Bargarh S/S (ICT-II),State,220/132,OPTCL,160.0,DEC-18,2018-19
Banda (Aug) T/F-I (200-160),State,220/132,UPPTCL,40.0,JAN-19,2018-19
Sector-6 Sonepat (Capacity Addition),State,220/33,HVPNL,100.0,JAN-19,2018-19
Rania (Capacity Addition),State,220/132,HVPNL,60.0,JAN-19,2018-19
Saharanpur (Aug) T/F-I (200-160),State,220/132,UPPTCL,40.0,JAN-19,2018-19
Maath Mathura (New) T/F-I,State,220/132,UPPTCL,160.0,JAN-19,2018-19
Kanpur Dehat (New) 160 MVA (100 MVA T/F already energized in May -18).,State,220/132,UPPTCL,60.0,JAN-19,2018-19
Nissing (Capacity Addition),State,220/132,HVPNL,110.0,JAN-19,2018-19
Extn. at Imlikhera (Pirankaliyar),State,220/132,PTCUL,200.0,JAN-19,2018-19
Bastara (Capacity Addition),State,220/132,HVPNL,60.0,JAN-19,2018-19
Kaithal (Capacity Addition),State,220/132,HVPNL,60.0,JAN-19,2018-19
Tughlakabad S/S,State,220/66,DTL,320.0,FEB-19,2018-19
Kawant S/S 2nd T/F,State,220/66,GETCO,160.0,FEB-19,2018-19
Lalru S/S (Replacement of 100 MVA T/F by 160 MVA),State,220/66,PSTCL,60.0,FEB-19,2018-19
RGEC Sonipat S/S,State,220/33,HVPNL,100.0,FEB-19,2018-19
Domjur 220kV (Aug) (160-100),State,220/132,WBSETCL,60.0,FEB-19,2018-19
Pahari (Chitrakoot) (New) T/F-I,State,220/132,UPPTCL,100.0,FEB-19,2018-19
Muradnagar Ghaziabad (Aug) T/F-II (200-160),State,220/132,UPPTCL,40.0,FEB-19,2018-19
Hardoi Road (Aug) T/F-II (200-160),State,220/132,UPPTCL,40.0,FEB-19,2018-19
Ghazipur (Aug) T/F-II (160-100),State,220/132,UPPTCL,60.0,FEB-19,2018-19
Barhi (GIS) S/S,State,220/132,HVPNL,100.0,FEB-19,2018-19
KB Cross Spare (Aug.),State,220/110,KPTCL,100.0,FEB-19,2018-19
B.Bagewadi (Aug.),State,220/110,KPTCL,100.0,FEB-19,2018-19
Kekatnimbhora s/s,State,220/132,MSETCL,200.0,MAR-19,2018-19
Jeur S/s (Aug. by Trafo Replacement(200-100)),State,220/132,MSETCL,100.0,MAR-19,2018-19
Jalna s/s (Aug.),State,220/132,MSETCL,100.0,MAR-19,2018-19
Georai s/s,State,220/132,MSETCL,150.0,MAR-19,2018-19
Chinchwad-II s/s (Aug.),State,220/132,MSETCL,200.0,MAR-19,2018-19
Bhenda s/s (Aug.),State,220/132,MSETCL,100.0,MAR-19,2018-19
Kanwan New (GEC-I),State,220/132,MPPTCL,160.0,MAR-19,2018-19
Sirsa S/s,State,220/132,HVPNL,100.0,MAR-19,2018-19
Cheeka S/s,State,220/132,HVPNL,60.0,MAR-19,2018-19
Godhara S/s Aug.,State,220/132,GETCO,100.0,MAR-19,2018-19
Asoj S/s Aug.,State,220/132,GETCO,50.0,MAR-19,2018-19
Agiyol S/s Aug.,State,220/132,GETCO,100.0,MAR-19,2018-19
Kosamba S/s Aug.,State,220/66,GETCO,60.0,MAR-19,2018-19
Kangsiyali S/s Aug.,State,220/66,GETCO,60.0,MAR-19,2018-19
Jambuva s/s (Aug.),State,220/66,GETCO,160.0,MAR-19,2018-19
Dhasa S/s Aug.,State,220/66,GETCO,60.0,MAR-19,2018-19
Deodar S/s Aug.,State,220/66,GETCO,160.0,MAR-19,2018-19
Bhachunda s/s,State,220/66,GETCO,160.0,MAR-19,2018-19
Bansi Siddharth nagar (Aug) T/F- II (160-100),State,220/132,UPPTCL,60.0,MAR-19,2018-19
Hardoi (Aug) T/F- II (160-100),State,220/132,UPPTCL,60.0,MAR-19,2018-19
Mirzapur (Aug) T/F- II (160-100),State,220/132,UPPTCL,60.0,MAR-19,2018-19
Orai (400) Jalaun (Extension) T/F- I,State,220/132,UPPTCL,160.0,MAR-19,2018-19
Unnao (Aug) T/F- II (160-100),State,220/132,UPPTCL,60.0,MAR-19,2018-19
Kaulewada S/s (Aug. by Trafo Replacement(200- 100)),State,220/132,MSETCL,100.0,MAR-19,2018-19
Vasai s/s (Aug.),State,220/22,MSETCL,50.0,MAR-19,2018-19
Jeur S/s (Aug.),State,220/33,MSETCL,50.0,MAR-19,2018-19
Karanja s/s,State,220/33,MSETCL,25.0,MAR-19,2018-19
Kekatnimbhora s/s (Aug.),State,220/33,MSETCL,100.0,MAR-19,2018-19
Ner s/s,State,220/33,MSETCL,25.0,MAR-19,2018-19
Oni S/s (Aug.),State,220/33,MSETCL,25.0,MAR-19,2018-19
Parbhani S/s (Aug.),State,220/33,MSETCL,50.0,MAR-19,2018-19
Purti S/S,State,220/33,MSETCL,25.0,MAR-19,2018-19
Sayane S/s (Aug. by Trafo Replacement (50-25)),State,220/33,MSETCL,25.0,MAR-19,2018-19
Mittemari S/S,State,220/66,KPTCL,200.0,MAR-19,2018-19
Zagadia S/s Aug.,State,220/66,GETCO,110.0,MAR-19,2018-19
Vartej S/s Aug.,State,220/66,GETCO,60.0,MAR-19,2018-19
Thavar S/s Aug.,State,220/66,GETCO,110.0,MAR-19,2018-19
Popada S/s Aug.,State,220/66,GETCO,60.0,MAR-19,2018-19
Nakhatrana S/s Aug.,State,220/66,GETCO,160.0,MAR-19,2018-19
Mota S/s Aug.,State,220/66,GETCO,60.0,MAR-19,2018-19
Morbi S/s Aug.,State,220/66,GETCO,160.0,MAR-19,2018-19
Mehsana S/s Aug.,State,220/66,GETCO,160.0,MAR-19,2018-19
Bah Agra (Aug) T/F- II (160-100),State,220/132,UPPTCL,60.0,MAR-19,2018-19
Yavatmal s/s (Aug.),State,220/132,MSETCL,50.0,MAR-19,2018-19
Viroda s/s,State,220/132,MSETCL,200.0,MAR-19,2018-19
Uppalwadi S/S,State,220/132,MSETCL,200.0,MAR-19,2018-19
SICOM Chandrapur s/s,State,220/132,MSETCL,100.0,MAR-19,2018-19
Narangwadi s/s,State,220/132,MSETCL,100.0,MAR-19,2018-19
Malkapur s/s,State,220/132,MSETCL,100.0,MAR-19,2018-19
GSS Ranpur Kota S/S,Private,220/132/33,APL,210.0,FEB-19,2018-19
Champa and Kurukshetra HVDC Station (Addl.) (Pole-3 ),Central,800,PGCIL,1500.0,NOV-19,2019-20
Champa and Kurukshetra HVDC Station (Pole- 4),Central,800,PGCIL,1500.0,MAR-20,2019-20
Bikaner S/S (2x1500 MVA),Central,765/400,PGCIL,3000.0,JUL-19,2019-20
Bhadla S/S ( ICTs I II and III),Central,765/400/220,PGCIL,4500.0,SEP-19,2019-20
Aligarh (PG) 765kV GIS ( creation of 400kV Level),Central,765/400,PGCIL,1500.0,OCT-19,2019-20
Jharsuguda (Sundargarh) S/S (Addl.),Central,765/400,PGCIL,3000.0,NOV-19,2019-20
Aligarh (PG) 765 kV GIS (Creation of 400 kV level) (ICT-II),Central,765/400,PGCIL,1500.0,DEC-19,2019-20
Chilakaluripeta S/S (PSITL - TBCB),Central,765/400,PGCIL,3000.0,JAN-20,2019-20
Khandwa PS (KTL - TBCB),Private,765/400,SGL,3000.0,MAR-20,2019-20
Bhadla S/S ( 3x500) ICT I,Central,400/220,PGCIL,500.0,APR-19,2019-20
Bongaigaon (2nd ICT) S/s.,Central,400/220,PGCIL,315.0,APR-19,2019-20
Extn. at Tumkur (Pavagada ) PS (2x500 MVA),Central,400/220,PGCIL,500.0,APR-19,2019-20
"Bhadla S/S (3x1500 3x500 MVA) (500 MVA ICTs-
II and III)",Central,400/220,PGCIL,1000.0,MAY-19,2019-20
Extn. at Tumkur (Vasantnarrsapur) S/S,Central,400/220,PGCIL,500.0,JUN-19,2019-20
Extn at Durgapur S/s (3rd ICT),Central,400/220,PGCIL,315.0,JUN-19,2019-20
Navi Mumbai (GIS),Central,400/220,PGCIL,630.0,JUN-19,2019-20
Rajarhat (GIS) S/S (2x500 MVA) ICT-II,Central,400/220,PGCIL,500.0,AUG-19,2019-20
Misa (2x500 MVA ) ICT-II,Central,400/220,PGCIL,500.0,AUG-19,2019-20
Extn. at Biharshariff,Central,400/220,PGCIL,500.0,SEP-19,2019-20
Augmentation at Bhuj S/S,Central,400/220,PGCIL,1000.0,OCT-19,2019-20
Uttra (Pindiabil) S/S,Central,400/220,PGCIL,1000.0,NOV-19,2019-20
Alipurduar HVDC S/S,Central,400/220,PGCIL,630.0,NOV-19,2019-20
Extn at Dehgam s/s (3rd ICT),Central,400/220,PGCIL,500.0,NOV-19,2019-20
Kurukshetra S/S,Central,400/220,PGCIL,1000.0,NOV-19,2019-20
Yelahanka (GIS),Central,400/220,PGCIL,1000.0,NOV-19,2019-20
Extn. at Lakhisarai s/s,Central,400/132,PGCIL,315.0,DEC-19,2019-20
Extn. at Banka s/s,Central,400/132,PGCIL,315.0,DEC-19,2019-20
Repl. of 1x315 MVA ICT with 1x500 MVA ICT at Pusauli s/s (ICT-II),Central,400/220,PGCIL,185.0,JAN-20,2019-20
Nawada S/S,State,400/220,HVPNL,315.0,APR-19,2019-20
Motiram Adda Gorakhpur (Aug.) (Additional T/F),State,400/220,UPPTCL,240.0,APR-19,2019-20
Muradnagar-II Ghaziabad (Aug) (Additional T/F),State,400/220,UPPTCL,240.0,APR-19,2019-20
Noida Sec- 148 G.B.Nagar (New),State,400/220,UPPTCL,500.0,APR-19,2019-20
Sarnath Varanasi (Aug) T/F- II (500-315),State,400/220,UPPTCL,185.0,APR-19,2019-20
Unnao (Aug) T/F-III,State,400/220,UPPTCL,315.0,APR-19,2019-20
Sarojininagar Lucknow Aug) T/F- II (500-315),State,400/220,UPPTCL,185.0,APR-19,2019-20
Masauli Prayagraj (New) T/F-III,State,400/132,UPPTCL,200.0,MAY-19,2019-20
Talaricheruvu S/s,State,400/220,APTRANSCO,945.0,MAY-19,2019-20
Uravakonda (Aug.) ICT-II,State,400/220,APTRANSCO,500.0,MAY-19,2019-20
Jangaon s/s (3x500) (ICT-I),State,400/220,TSTRANSCO,500.0,MAY-19,2019-20
Moradabad(Aug.) (Additional T/F),State,400/220,UPPTCL,240.0,MAY-19,2019-20
Noida Sec-148 G.B Nagar (New)T/F-II,State,400/220,UPPTCL,500.0,JUN-19,2019-20
Muktsar (Aug) Addl T/F,State,400/220,PSTCL,500.0,AUG-19,2019-20
Lapanga S/S (ICT-II),State,400/220,OPTCL,315.0,AUG-19,2019-20
Wangtoo (GIS) S/S,State,400/220,HPPTCL,630.0,OCT-19,2019-20
NSPCL (ICT-II),State,400/220,CSPTCL,315.0,NOV-19,2019-20
Charanka S/S,State,400/220,GETCO,630.0,NOV-19,2019-20
Hadala (Aug.),State,400/220,GETCO,500.0,NOV-19,2019-20
Thoppankundu s/s,State,400/110,TANTRANSCO,600.0,NOV-19,2019-20
Thennamapatty s/s,State,400/230/110,TANTRANSCO,1030.0,NOV-19,2019-20
Jangaon S/S (ICT II and III),State,400/220,TSTRANSCO,1000.0,NOV-19,2019-20
Ramadugu s/s,State,400/220,TSTRANSCO,1000.0,JAN-20,2019-20
Prithala (Palwal) (GIS) (GPTL - TBCB),Private,400/220,SGL,1000.0,JUL-19,2019-20
Kadarpur (Gurgaon ) (GIS) (GPTL - TBCB),Private,400/220,SGL,1000.0,NOV-19,2019-20
Uddanapally S/S,State,230/110,TANTRANSCO,200.0,JUN-19,2019-20
Arani Addl T/F,State,230/110,TANTRANSCO,80.0,JUL-19,2019-20
Porur Addl T/F,State,230/33,TANTRANSCO,50.0,JUL-19,2019-20
Ulundurpettai (Addl T/F),State,230/110,TANTRANSCO,100.0,AUG-19,2019-20
Villupura (Aug.) (160-100),State,230/110,TANTRANSCO,60.0,SEP-19,2019-20
Othakkalmandapam s/s (Enhancement),State,230/110,TANTRANSCO,100.0,OCT-19,2019-20
Kurukathi (Addl T/F),State,230/110,TANTRANSCO,100.0,NOV-19,2019-20
Nimmeli Thippiakudi (Addl T/F),State,230/110,TANTRANSCO,100.0,JAN-20,2019-20
Thiruchuli (Addl T/F),State,230/110,TANTRANSCO,50.0,JAN-20,2019-20
Savasapuram (Addl),State,230/110,TANTRANSCO,100.0,FEB-20,2019-20
Guruparapally (Addl),State,230/110,TANTRANSCO,100.0,FEB-20,2019-20
Tiruppur (JICA) (ICT-I),State,230/110,TANTRANSCO,100.0,MAR-20,2019-20
Repl. at Malda (50-160),Central,220/132,PGCIL,110.0,OCT-19,2019-20
Dhanbad (Auto-Xmer) T/F-I,Central,220/132,DVC,160.0,JAN-20,2019-20
Sitapur (Aug.) (Additional T/F),State,220/132,UPPTCL,160.0,APR-19,2019-20
Sohawal Ayodhya (Aug) T/F-II (160-100),State,220/132,UPPTCL,60.0,APR-19,2019-20
Sikandrabad Bulandshahr (Aug) (Additional T/F),State,220/132,UPPTCL,160.0,APR-19,2019-20
Pali S/s,State,220/66,HVPNL,160.0,APR-19,2019-20
A-5 Faridabad S/s,State,220/66,HVPNL,60.0,APR-19,2019-20
Khurja Bulandshahr (Aug) T/F- II (200-160),State,220/132,UPPTCL,40.0,APR-19,2019-20
Gajokhar Varanasi (Aug) T/F- II (160-100),State,220/132,UPPTCL,60.0,APR-19,2019-20
Amethi S/s,State,220/132,UPPTCL,160.0,APR-19,2019-20
Rentachintala S/s Aug.(3X100-2x100),State,220/132,APTRANSCO,100.0,APR-19,2019-20
Gola Gorakhpur (New),State,220/132,UPPTCL,160.0,APR-19,2019-20
Prathipadu S/S,State,220/132,APTRANSCO,100.0,APR-19,2019-20
R.C. Green G.B. Nagar (Aug.) T/F-II (160-100),State,220/132,UPPTCL,60.0,APR-19,2019-20
Kharepatan S/S,State,220/33,MSETCL,25.0,APR-19,2019-20
Alawalpur s/s,State,220/66,PSTCL,100.0,MAY-19,2019-20
Jaunpur (Aug.) (Additional T/F),State,220/132,UPPTCL,160.0,MAY-19,2019-20
Hathras (Aug.)T/-I(200-160),State,220/132,UPPTCL,40.0,MAY-19,2019-20
Chinhat Lucknow (Aug.) T/F-II (200-160),State,220/132,UPPTCL,40.0,MAY-19,2019-20
Sector- 95 Gurgaon,State,220/33,HVPNL,100.0,MAY-19,2019-20
Laukahi (Supaul new),State,220/132/33,BSPTCL,320.0,MAY-19,2019-20
Waghodia Aug.,State,220/66,GETCO,110.0,JUN-19,2019-20
Savarkundla Aug.,State,220/66,GETCO,60.0,JUN-19,2019-20
New Haldia NIZ GIS,State,220/132,WBSETCL,160.0,JUN-19,2019-20
Shatabdinnagar Meerut (Aug.) Addl T/F,State,220/132,UPPTCL,160.0,JUN-19,2019-20
Achhalia S/s,State,220/66,GETCO,160.0,JUN-19,2019-20
Etah (Aug.) T/F-II (160-100),State,220/132,UPPTCL,60.0,JUN-19,2019-20
C.B. Ganj Bareiilley (Aug.) T/F-I (200-160),State,220/132,UPPTCL,40.0,JUN-19,2019-20
Baraut Baghpat (Aug.) Addl T/F,State,220/132,UPPTCL,160.0,JUN-19,2019-20
Aska S/S,State,220/132,OPTCL,320.0,JUN-19,2019-20
Rampur (Aug.) Addl T/F,State,220/132,UPPTCL,100.0,JUN-19,2019-20
Dahi Choki Unnao (New) T/F-I,State,220/33,UPPTCL,60.0,JUN-19,2019-20
Botanical Garden Sec-38a Noida (New) T/F-I,State,220/33,UPPTCL,60.0,JUN-19,2019-20
Neebkarori Farrukhabad (Aug. T/F-I (160-100),State,220/132,UPPTCL,60.0,JUN-19,2019-20
Rajkot (Nyara) Aug.,State,220/132,GETCO,50.0,JUN-19,2019-20
Dohna Bareilly (Aug.) T/F-II (160-100),State,220/132,UPPTCL,60.0,JUL-19,2019-20
Gazol GIS,State,220/132,WBSETCL,320.0,JUL-19,2019-20
Raja ka Talab S/S (Varanasi),State,220/132,UPPTCL,160.0,JUL-19,2019-20
Jansath Muzaffarnagar (Aug.) T/F-I (160-100),State,220/132,UPPTCL,60.0,JUL-19,2019-20
Faridnagar Ghaziabad (Aug.) Addl T/F,State,220/132,UPPTCL,160.0,JUL-19,2019-20
Jaypatna S/S,State,220/132,OPTCL,160.0,JUL-19,2019-20
Kashipur S/S,State,220/33,OPTCL,20.0,JUL-19,2019-20
Motigop T/F-I,State,220/66,GETCO,160.0,JUL-19,2019-20
Koramangala,State,220/66,KPTCL,300.0,JUL-19,2019-20
Shivanasamudra (Hebbani Village limits),State,220/66,KPTCL,200.0,JUL-19,2019-20
Malkapur (New s/s) ICT-I,State,220/132,MSETCL,100.0,AUG-19,2019-20
Bachhrawan Rae Bareli (New) T/F-II,State,220/132,UPPTCL,160.0,AUG-19,2019-20
Fatehpur (Aug) T/F-II (200-160),State,220/132,UPPTCL,40.0,AUG-19,2019-20
Partapur (Jagriti Vihar) Meerut (New) T/F I and II (2x160 MVA),State,220/132,UPPTCL,320.0,AUG-19,2019-20
Mandola Vihar (New) ICT-II and III (2x60 MVA),State,220/33,UPPTCL,120.0,AUG-19,2019-20
Mohana s/s (Aug),State,220/33,HVPNL,100.0,AUG-19,2019-20
Jagdalpur,State,220/132,CSPTCL,160.0,AUG-19,2019-20
Samalkha s/s (Aug),State,220/132,HVPNL,160.0,AUG-19,2019-20
Hingoli s/s (Additional T/F),State,220/132,MSETCL,100.0,AUG-19,2019-20
Kalwan s/s (Additional T/F),State,220/132,MSETCL,100.0,AUG-19,2019-20
Cantt Prayagraj (Aug.) (200-160),State,220/33,UPPTCL,40.0,SEP-19,2019-20
Ammavaripalli S/S,State,220/33,APTRANSCO,150.0,SEP-19,2019-20
220kV Dhanagadhra (Aug.),State,220/66,GETCO,60.0,SEP-19,2019-20
220kV Nakhatrana (Aug.),State,220/66,GETCO,60.0,SEP-19,2019-20
220 kV Sachin (Talangpore) (Aug.),State,220/66,GETCO,60.0,SEP-19,2019-20
GIS Sector -46 Faridabad S/s,State,220/66,HVPNL,320.0,SEP-19,2019-20
Batta (Aug.),State,220/132,HVPNL,100.0,SEP-19,2019-20
Lula Ahir (Aug.),State,220/132,HVPNL,100.0,SEP-19,2019-20
Unispur (Aug.),State,220/132,HVPNL,160.0,SEP-19,2019-20
Nuna Majra (Aug.),State,220/33,HVPNL,100.0,SEP-19,2019-20
Ner S/S (T/F-II),State,220/33,MSETCL,25.0,SEP-19,2019-20
Bommuru S/S in East Godavari District (Aug.),State,220/132,APTRANSCO,60.0,SEP-19,2019-20
Ongole S/S in Prakasam District (Aug.),State,220/132,APTRANSCO,60.0,SEP-19,2019-20
Rachaunneri S/S in Chittoor District (Aug.),State,220/132,APTRANSCO,60.0,SEP-19,2019-20
220 kV Limbdi (Aug),State,220/132,GETCO,50.0,SEP-19,2019-20
Koppal S/S,State,220/110,KPTCL,200.0,SEP-19,2019-20
Pratap Vihar Ghaziabad (New) T/F-I,State,220/33,UPPTCL,60.0,OCT-19,2019-20
Dahi Chowki Unnao (New) T/F-II,State,220/33,UPPTCL,60.0,OCT-19,2019-20
Narayanpur s/s,State,220/132,CSPTCL,160.0,OCT-19,2019-20
Maihar (Addl T/F),State,220/132,MPPTCL,160.0,OCT-19,2019-20
Sector-85 Gurugram,State,220/33,HVPNL,100.0,OCT-19,2019-20
Dherdehi (Bilaspur) s/s,State,220/132,CSPTCL,320.0,OCT-19,2019-20
C. B. Ganj Bareilly (Aug) T/F -II (200-160),State,220/132,UPPTCL,40.0,OCT-19,2019-20
Rejinagar S/S,State,220/132,WBSETCL,320.0,OCT-19,2019-20
ITI S/S,State,220/66,KPTCL,300.0,OCT-19,2019-20
Sultanpur Lodhi (Addl T/F),State,220/66,PSTCL,100.0,NOV-19,2019-20
Kukumara S/S (2x50),State,220/132,AEGCL,100.0,NOV-19,2019-20
Rangia S/S (2x100),State,220/132,AEGCL,200.0,NOV-19,2019-20
Sonapur (2x100),State,220/132,AEGCL,200.0,NOV-19,2019-20
Sector -65 GIS Gurgaon S/s,State,220/132,HVPNL,200.0,NOV-19,2019-20
Jaora (Upgradation) (GEC-I),State,220/132,MPPTCL,160.0,NOV-19,2019-20
Karanja s/s,State,220/132,MSETCL,200.0,NOV-19,2019-20
Bharthana Etawah (Aug) (Additional T/F),State,220/132,UPPTCL,160.0,NOV-19,2019-20
Muradnagar-II (Aug) T/F-I,State,220/132,UPPTCL,100.0,NOV-19,2019-20
Sec-20 Noida (Aug) (Additional T/F),State,220/132,UPPTCL,160.0,NOV-19,2019-20
Govindpur GSS (PGCIL),State,220/132/33,JUSNL,400.0,NOV-19,2019-20
Badnagar (Additional T/F),State,220/33,MPPTCL,50.0,NOV-19,2019-20
Barsitadesh Rewa Pooling S/s,State,220/33,MPPTCL,300.0,NOV-19,2019-20
Sagar (Additional T/F),State,220/33,MPPTCL,50.0,NOV-19,2019-20
Sicom (Additional T/F),State,220/33,MSETCL,25.0,NOV-19,2019-20
Phoolbagh Kanpur (New) T/F-I,State,220/33,UPPTCL,60.0,NOV-19,2019-20
Sikandrabad Bulandshahr (Aug) T/-I,State,220/33,UPPTCL,60.0,NOV-19,2019-20
Charanka s/s (8x100 MVA) T/F 6-7 and 8,State,220/66,GETCO,300.0,NOV-19,2019-20
Suva s/s,State,220/66,GETCO,200.0,NOV-19,2019-20
Vondh s/s,State,220/66,GETCO,200.0,NOV-19,2019-20
Vyankatpura s/s,State,220/66,GETCO,200.0,NOV-19,2019-20
Nani Hamirpur S/S,State,220/11,GETCO,50.0,NOV-19,2019-20
Sailana (GEC-I),State,220/132,MPPTCL,160.0,DEC-19,2019-20
Pilibhit T/F-I (Aug.)(160 -100),State,220/132,UPPTCL,60.0,DEC-19,2019-20
Saharanpur (Aug.) (200-160),State,220/132,UPPTCL,40.0,DEC-19,2019-20
Sarojininagar Lucknow (Aug) T/F-II (200-160),State,220/132,UPPTCL,40.0,DEC-19,2019-20
Sector 52A Gurugram,State,220/66,HVPNL,160.0,DEC-19,2019-20
Prayagraj Cantt (Aug.) T/F-II (200-160),State,220/66,UPPTCL,40.0,DEC-19,2019-20
Gudgaon (GEC-I),State,220/132,MPPTCL,160.0,DEC-19,2019-20
Jetpur (Aug) (1x160 2x100) - (3x100),State,220/66,GETCO,60.0,JAN-20,2019-20
Jamla (Aug) (1x160 2x100 1x50) - (2x100 1x50),State,220/66,GETCO,160.0,JAN-20,2019-20
Morena S/s (Addl. X-mer),State,220/132,MPPTCL,160.0,JAN-20,2019-20
Wangtoo (2x100 MVA T/F of 220/66 kV),State,220/66,HPPTCL,200.0,JAN-20,2019-20
Vallabhipur (Aug) (1x160 2x100) - (2x100),State,220/66,GETCO,160.0,JAN-20,2019-20
Vadavi (Aug) (1x160 3x100) - (3x100),State,220/66,GETCO,160.0,JAN-20,2019-20
Otha (Aug) (1x160 2x100) - (2x100),State,220/66,GETCO,160.0,JAN-20,2019-20
Motigop T/F-II,State,220/66,GETCO,160.0,JAN-20,2019-20
Morbi (Aug) (2x160 2x100) - (1x160 3x100),State,220/66,GETCO,60.0,JAN-20,2019-20
Uppalwadi (220/33 kV 50 MVA T/F),State,220/33,MSETCL,50.0,JAN-20,2019-20
Chardava (Aug) (1x160 2x100) - (2x100),State,220/22,GETCO,160.0,JAN-20,2019-20
Narangwadi (100 MVA ICT-II and 25 MVA 220/33 kV T/F-III),State,220/132/33,MSETCL,150.0,JAN-20,2019-20
Karanja (1x25 MVA 220/33 kV T/F),State,220/132/33,MSETCL,25.0,JAN-20,2019-20
Unnao (Aug) T/F-II (160-100),State,220/132,UPPTCL,60.0,JAN-20,2019-20
Rewa Road Prayagraj (Aug) T/F-II (200-160),State,220/132,UPPTCL,40.0,JAN-20,2019-20
Pratap Vihar Ghaziabad (New) T/F-I,State,220/132,UPPTCL,160.0,JAN-20,2019-20
Muradnagar-II (Aug) T/F-II,State,220/132,UPPTCL,100.0,JAN-20,2019-20
Kursi Road (Aug) (Additional T/F),State,220/132,UPPTCL,160.0,JAN-20,2019-20
Jhunsi Prayagraj (Aug) T/F-II (200-160),State,220/132,UPPTCL,40.0,JAN-20,2019-20
Hathras (Aug) T/F-II (200-160),State,220/132,UPPTCL,40.0,JAN-20,2019-20
Gonda (Aug) T/F-I (200-160),State,220/132,UPPTCL,40.0,JAN-20,2019-20
Deoria (Aug) T/F-II (160-100),State,220/132,UPPTCL,60.0,JAN-20,2019-20
Banda (Aug) T/F-II (200-160),State,220/132,UPPTCL,40.0,JAN-20,2019-20
Jaypatna T/F-II,State,220/132,OPTCL,160.0,JAN-20,2019-20
Up-gradation of existing 132 kV Pandharkawda substation to 220 kV level,State,220/132,MSETCL,100.0,JAN-20,2019-20
Georai S/S (ICT-II),State,220/132,MSETCL,100.0,JAN-20,2019-20
Satna S/s (Addl. X-mer),State,220/132,MPPTCL,160.0,JAN-20,2019-20
Malanpur S/s (Addl. X-mer),State,220/132,MPPTCL,160.0,JAN-20,2019-20
Jaora S/s (Balance 2nd X-mer)),State,220/132,MPPTCL,160.0,JAN-20,2019-20
Azamgarh (Aug. T/F-I (200-160),State,220/132,UPPTCL,40.0,FEB-20,2019-20
Bolangir S/S,State,220/132,OPTCL,160.0,FEB-20,2019-20
Sheopurkalan (1st unit),State,220/132,MPPTCL,160.0,FEB-20,2019-20
Sailana (2nd Unit),State,220/132,MPPTCL,160.0,FEB-20,2019-20
Alusteng S/S,State,220/132,JKPDD,320.0,FEB-20,2019-20
Mehna Khera S/s,State,220/132,HVPNL,100.0,FEB-20,2019-20
Chhajpur (Addl.),State,220/132,HVPNL,100.0,FEB-20,2019-20
Sector -85 Gurugram (2nd T/F),State,220/33,HVPNL,100.0,FEB-20,2019-20
Naganathapura (Aug.) (T/F-I),State,220/66,KPTCL,100.0,FEB-20,2019-20
Ashta (Addl T/F),State,220/33,MPPTCL,50.0,FEB-20,2019-20
Morti Ghaziabad (Aug.) T/F-II,State,220/132,UPPTCL,160.0,FEB-20,2019-20
Gola Gorakhpur (New) T/F-II,State,220/132,UPPTCL,160.0,FEB-20,2019-20
Bahraich (Aug.) T/F,State,220/132,UPPTCL,160.0,FEB-20,2019-20
Mitha (Aug) (100-50),State,220/66,GETCO,50.0,MAR-20,2019-20
Bhutiya (Aug) (3x100 - 2x100),State,220/66,GETCO,100.0,MAR-20,2019-20
Brindavan Alloys,State,220/66,KPTCL,300.0,MAR-20,2019-20
Timbdi(Aug) (100-50),State,220/66,GETCO,50.0,MAR-20,2019-20
Vijapur (Aug) (1x160),State,220/66,GETCO,160.0,MAR-20,2019-20
Chandrapura (Aug) (160-50),State,220/66,GETCO,110.0,MAR-20,2019-20
Dhuvaran (Aug) (100-50),State,220/132,GETCO,50.0,MAR-20,2019-20
Sankhari (Aug) (100-50),State,220/66,GETCO,50.0,MAR-20,2019-20
Raigarh and Pugalur Station with 6000 MW HVDC Terminal (Pole-II),Central,800,PGCIL,1500.0,MAR-21,2020-21
Raigarh and Pugalur Station with 6000 MW HVDC Terminal (Pole-I),Central,800,PGCIL,1500.0,SEP-20,2020-21
Tehri PS (GIS) (3 ICTs),Central,765/400,PGCIL,2400.0,APR-20,2020-21
Medinipur S/s (PM-JTL -TBCB),Central,765/400,PGCIL,3000.0,FEB-21,2020-21
Tehri Pooling Station (GIS) (4th ICT),Central,765/400,PGCIL,800.0,JAN-21,2020-21
Extn at Meerut substation,Central,765/400,PGCIL,1500.0,JUN-20,2020-21
Extn. at Bhadla S/s (ICT-I),Central,400/220,PGCIL,500.0,DEC-20,2020-21
Extn. at Rourkela S/s (ICT-I),Central,400/220,PGCIL,315.0,DEC-20,2020-21
New Mariani S/s (ICT-I),Central,400/220,PGCIL,500.0,DEC-20,2020-21
DSTPS ICT-II S/s,Central,400/220,DVC,315.0,FEB-21,2020-21
Extn. at Rourkela S/stn. (ICT-II),Central,400/220,PGCIL,315.0,FEB-21,2020-21
Extan. at Maithon,Central,400/220,PGCIL,500.0,JUL-20,2020-21
North Trichur Substation,Central,400/220,PGCIL,630.0,MAR-21,2020-21
Aug. at Gajuwaka (T/F),Central,400/220,PGCIL,500.0,MAR-21,2020-21
Repl of 400/220kV Malda S/s (3x315-2x500),Central,400/220,PGCIL,185.0,MAR-21,2020-21
Chandauti S/S (ERSS-XXITL-TBCB),Central,400/220,PGCIL,1500.0,MAR-21,2020-21
Extn. at Fatehpur S/S,Central,400/220,PGCIL,500.0,MAR-21,2020-21
Extn. at Saharanpur S/S,Central,400/220,PGCIL,500.0,MAR-21,2020-21
Mariani New (ICT-II) extn,Central,400/220,PGCIL,500.0,MAR-21,2020-21
Extension at Amritsar (Balachak) PG Substation,Central,400/220,PGCIL,500.0,OCT-20,2020-21
Banaskantha s/s,Central,400/220,PGCIL,1000.0,SEP-20,2020-21
Augmentation at Bhuj S/S (3rd ICT),Central,400/220,PGCIL,500.0,SEP-20,2020-21
Pugalur (2000 MW) and Terminal at North Trichur (2000 MW) VSC based HVDC Station (Monopole-II),Central,320,PGCIL,1000.0,MAR-21,2020-21
Repl. of 1x50 MVA to 1x160 MVA at Balipara S/stn.(ICT-II),Central,220/132,PGCIL,110.0,APR-20,2020-21
DSTPS,Central,220/132,DVC,160.0,FEB-21,2020-21
Chandauti Sub station (ERSS-XXITL-TBCB),Central,220/132,PGCIL,600.0,MAR-21,2020-21
Podili (3rd ICT)),State,400/220,APTRANSCO,315.0,DEC-20,2020-21
Kurud (Dhamtari) (T/F-II),State,400/220,CSPTCL,315.0,DEC-20,2020-21
Rachaganneri (T/F-II),State,400/220/132,APTRANSCO,315.0,DEC-20,2020-21
Muzaffarnagar (Additional T/F),State,400/220,UPPTCL,500.0,DEC-20,2020-21
Ujjain 400 KV sub-station (T/F-I),State,400/220,MPPTCL,315.0,FEB-21,2020-21
Firozabad S/s,State,400/220,UPPTCL,1000.0,FEB-21,2020-21
Maradam (Addl ICT),State,400/220,APTRANSCO,500.0,JAN-21,2020-21
Gr. Noida G.B. Nagar (Additional T/F),State,400/132,UPPTCL,200.0,JUL-20,2020-21
Bhachunda GIS (Dist. Kutch) (T/F-I),State,400/220,GETCO,500.0,MAR-21,2020-21
Thoubal S/S,State,400/132,"ED, Manipur",315.0,MAR-21,2020-21
Chakan (Addl-ICT),State,400/220,MSETCL,315.0,MAR-21,2020-21
Pithampur 400kV S/S (Addl. X-mer),State,400/220,MPPTCL,315.0,MAR-21,2020-21
Mandsaur (Sitamau) (GEC-I),State,400/220,MPPTCL,630.0,MAR-21,2020-21
Mandsaur (Addl T/F),State,400/220,MPPTCL,160.0,MAR-21,2020-21
Mylasandra GIS (Near Electronic city),State,400/220,KPTCL,1500.0,MAR-21,2020-21
Pachcham (Transformer-I),State,400/220,GETCO,500.0,MAR-21,2020-21
Gumma S/S,State,400/220,HPPTCL,315.0,NOV-20,2020-21
Rachaganneri (T/F-I),State,400/220/132,APTRANSCO,315.0,NOV-20,2020-21
Podili (2nd ICT)),State,400/220,APTRANSCO,315.0,NOV-20,2020-21
Kurud (Dhamtari) (T/F-I),State,400/220,CSPTCL,315.0,NOV-20,2020-21
Lahal S/S,State,400/220,HPPTCL,630.0,NOV-20,2020-21
Sector-123 Noida New T/F- I and II,State,400/132,UPPTCL,400.0,OCT-20,2020-21
Devanahalli (Hardware Park),State,400/220,KPTCL,1000.0,SEP-20,2020-21
Karamadai (3rd Auto T/F),State,230/110,TANTRANSCO,100.0,AUG-20,2020-21
Singarapet,State,230/110,TANTRANSCO,100.0,FEB-21,2020-21
Shenbagapudur,State,230/110,TANTRANSCO,200.0,FEB-21,2020-21
Karaikudi (Enhancement from 50 MVA to 100 MVA),State,230/110,TANTRANSCO,50.0,JAN-21,2020-21
Sankarapuram S/S,State,230/110,TANTRANSCO,100.0,JUL-20,2020-21
Tirupur (JICA),State,230/110,TANTRANSCO,100.0,JUN-20,2020-21
Villupuram (2x100 to 2x160) (GEC-I),State,230/110,TANTRANSCO,60.0,MAR-21,2020-21
Samayanallur S/S,State,230/110,TANTRANSCO,200.0,OCT-20,2020-21
Sultanpur Lodhi (T/F),State,220/66,PSTCL,100.0,APR-20,2020-21
Neemwala S/s,State,220/132,HVPNL,100.0,AUG-20,2020-21
Bagalkot (Addl T/F),State,220/110,KPTCL,100.0,AUG-20,2020-21
Vrindawan Mathura (New) T/F-I,State,220/132,UPPTCL,160.0,AUG-20,2020-21
Mehna Khera (T/F-II),State,220/132,HVPNL,100.0,AUG-20,2020-21
Mehna Khera (T/F-III),State,220/132,HVPNL,100.0,AUG-20,2020-21
Neemwala,State,220/33,HVPNL,100.0,AUG-20,2020-21
Partapur Meerut (Aug) T/F-III,State,220/132,UPPTCL,160.0,AUG-20,2020-21
Madhuvan Bapudham Ghaziabad (Aug) T/F-II,State,220/132,UPPTCL,160.0,AUG-20,2020-21
Sheopur (2nd T/F),State,220/132,MPPTCL,160.0,AUG-20,2020-21
Jasidih S/S,State,220/132,JUSNL,300.0,AUG-20,2020-21
Godda GSS,State,220/132,JUSNL,300.0,AUG-20,2020-21
Giridih S/S,State,220/132,JUSNL,300.0,AUG-20,2020-21
Garhwa,State,220/132,JUSNL,300.0,AUG-20,2020-21
Ratangarh (T/F-II),State,220/132,MPPTCL,160.0,DEC-20,2020-21
Chalakudy S/S,State,220/110,KSEB,200.0,DEC-20,2020-21
Kaloor (T/F-I),State,220/110,KSEB,160.0,DEC-20,2020-21
Badhaikala Muzaffarnagar (New) T/F- I,State,220/132,UPPTCL,160.0,DEC-20,2020-21
Charla Meerut (Additional T/F),State,220/132,UPPTCL,100.0,DEC-20,2020-21
Madhuvan Bapudham Ghaziabad (New) T/F-II,State,220/132,UPPTCL,60.0,DEC-20,2020-21
Motigop S/S,State,220/66,GETCO,160.0,DEC-20,2020-21
Virpore S/s,State,220/66,GETCO,160.0,DEC-20,2020-21
Simhachalam,State,220/132,APTRANSCO,200.0,FEB-21,2020-21
RS Gooty at Anantapuram District (Aug.),State,220/132,APTRANSCO,60.0,FEB-21,2020-21
Nuziveedu at Guntur Dist. (Aug),State,220/132,APTRANSCO,60.0,FEB-21,2020-21
Kamavarapukota at West Godavarai District (Aug.),State,220/132,APTRANSCO,160.0,FEB-21,2020-21
Bhenda S/s (Addl T/F) (220/132/33kV),State,220/33,MSETCL,50.0,FEB-21,2020-21
Selavadar (Talaja),State,220/66,GETCO,160.0,FEB-21,2020-21
Delina (Augmentation ),State,220/132,JKPDD,160.0,FEB-21,2020-21
Aluva,State,220/110,KSEB,400.0,FEB-21,2020-21
Tadikonda at (Guntur District (Aug)),State,220/132,APTRANSCO,50.0,FEB-21,2020-21
Kaloor (T/F-II),State,220/110,KSEB,160.0,JAN-21,2020-21
Sukha (Jabalpur) (Addl. T/F-I),State,220/33,MPPTCL,50.0,JAN-21,2020-21
Somanahalli T/F-II Aug (1x150 - 1x100),State,220/66,KPTCL,50.0,JAN-21,2020-21
Thallak (Aug),State,220/66,KPTCL,100.0,JAN-21,2020-21
Batta (Aug),State,220/33,HVPNL,100.0,JAN-21,2020-21
Chikkodi (Aug),State,220/110,KPTCL,100.0,JAN-21,2020-21
Manmad Sub-Station (Up-Gradation ),State,220/132,MSETCL,200.0,JUL-20,2020-21
Rupkheda (Zalod),State,220/132,GETCO,300.0,JUL-20,2020-21
Upgradation of Chapda 132Kv S/s to 220kv with 1x160MVA,State,220/132,MPPTCL,160.0,JUL-20,2020-21
Maath (Aug) T/F-II,State,220/132,UPPTCL,160.0,JUL-20,2020-21
Madhuvan Bapudham (New) T/F-I,State,220/132,UPPTCL,160.0,JUL-20,2020-21
Sarsawa (Saharanpur) (ICT-II) S/S,State,220/132,UPPTCL,160.0,JUL-20,2020-21
Sultanpur (Aug) (Additional T/F),State,220/132,UPPTCL,160.0,JUL-20,2020-21
Joda S/S,State,220/132/33,OPTCL,160.0,JUL-20,2020-21
Barejdi S/s,State,220/66,GETCO,160.0,JUL-20,2020-21
Rupkheda (Zalod) S/s,State,220/66,GETCO,160.0,JUL-20,2020-21
Begur,State,220/66,KPTCL,200.0,JUL-20,2020-21
Adampur,State,220/33,MPPTCL,50.0,JUN-20,2020-21
Sarita Vihar (Replacement) (160-100),State,220/66,DTL,60.0,JUN-20,2020-21
Temghar Replacement T/F (50 MVA replaced by 80 MVA),State,220/22,MSETCL,30.0,JUN-20,2020-21
Bahraich T/F-II (Aug.),State,220/132,UPPTCL,160.0,JUN-20,2020-21
IMT Manesar Gurugram Sector -1,State,220/66,HVPNL,100.0,JUN-20,2020-21
Barahua T/F-I (Aug.) (200-100),State,220/132,UPPTCL,100.0,JUN-20,2020-21
Noida Sector-148 T/F-II (Aug.),State,220/132,UPPTCL,100.0,JUN-20,2020-21
Pratap Vihar T/F (Aug.),State,220/132,UPPTCL,100.0,JUN-20,2020-21
Upgration of Depalpur 132 Kv S/s 220kv with 1x160MVA,State,220/132,MPPTCL,160.0,JUN-20,2020-21
Nanauta T/F (Aug.),State,220/33,UPPTCL,60.0,JUN-20,2020-21
Pandharpur Replacement ICT T/F,State,220/33,MSETCL,50.0,MAR-21,2020-21
Pydibhimavaram S/S,State,220/132,APTRANSCO,300.0,MAR-21,2020-21
Tirumalayapalli,State,220/132,APTRANSCO,300.0,MAR-21,2020-21
Dumraon (GIS) ICT-I and II,State,220/132,BSPTCL,320.0,MAR-21,2020-21
Khagaria New ICT-I,State,220/132,BSPTCL,160.0,MAR-21,2020-21
DSIIDC Bawana,State,220/66,DTL,160.0,MAR-21,2020-21
Pachcham (T/F-I),State,220/66,GETCO,160.0,MAR-21,2020-21
Wankaner S/S (Dist. Rajkot) (GEC-I) (3x160 MVA),State,220/66,GETCO,480.0,MAR-21,2020-21
T. Gollahalli (Thimmansandra) S/S,State,220/66,KPTCL,200.0,MAR-21,2020-21
Upgradation of the existing 220/11KV Lift Irrigation S/S to Ramavaram at East Godavari District,State,220/132/33,APTRANSCO,200.0,MAR-21,2020-21
Rania Kanpur (T/F aug),State,220/132,UPPTCL,100.0,MAR-21,2020-21
Nirpura S/s Baghpat,State,220/132,UPPTCL,160.0,MAR-21,2020-21
Banswada,State,220/132,TSTRANSCO,200.0,MAR-21,2020-21
Indore S/s (Addl T/F),State,220/132,MPPTCL,160.0,MAR-21,2020-21
Sikarai (Aug),State,220/132,RVPNL,100.0,MAR-21,2020-21
Nalkheda (T/F-I) (Susner) (GEC),State,220/132,MPPTCL,160.0,MAR-21,2020-21
Kanasar ICT-II,State,220/132,RVPNL,160.0,MAR-21,2020-21
Chhatargarh GSS (Upgradation) (GEC-I),State,220/132,RVPNL,160.0,MAR-21,2020-21
Akal (Aug),State,220/132,RVPNL,500.0,MAR-21,2020-21
Panagar (Addl T/F),State,220/132,MPPTCL,160.0,MAR-21,2020-21
Jaffarpur S/S,State,220/33,PTCUL,100.0,MAR-21,2020-21
Heggunje (Mandarthi) S/S,State,220/110,KPTCL,200.0,MAR-21,2020-21
Mughalkod S/S (GEC-I),State,220/110,KPTCL,200.0,MAR-21,2020-21
Chakrayapet,State,220/132,APTRANSCO,200.0,MAR-21,2020-21
Gollapuram,State,220/132,APTRANSCO,200.0,MAR-21,2020-21
Baja Khanna (Aug. of 100 MVA T/F with 160 MVA ,State,220/66,PSTCL,60.0,MAY-20,2020-21
Ferozepur road Ludhiana (Aug. of 100 MVA T/F with 160 MVA T/F),State,220/66,PSTCL,60.0,MAY-20,2020-21
Maur (Addl. T/F),State,220/66,PSTCL,100.0,MAY-20,2020-21
Gurugram Sector-95 (T/F-II),State,220/33,HVPNL,100.0,MAY-20,2020-21
Goda S/S,State,220/132/33,OPTCL,320.0,MAY-20,2020-21
Shahjahanpur (T/F-II),State,220/132,UPPTCL,160.0,MAY-20,2020-21
Ratangarh (GEC-I),State,220/132,MPPTCL,160.0,MAY-20,2020-21
Kudligi (Badeladaku) S/S,State,220/66,KPTCL,200.0,MAY-20,2020-21
Bangan (Addl. T/F),State,220/66,PSTCL,100.0,MAY-20,2020-21
Govindpalli,State,220/33,OPTCL,40.0,NOV-20,2020-21
Rajokheri (T/F-I),State,220/66,HVPNL,160.0,NOV-20,2020-21
Babara (Dist. Amreli) S/S,State,220/66,GETCO,320.0,NOV-20,2020-21
Bakana (T/F-I),State,220/66,HVPNL,160.0,NOV-20,2020-21
Kasganj (New) T/F- I,State,220/132,UPPTCL,160.0,NOV-20,2020-21
Hata Kushinagar T/F- II ( Augmentation),State,220/132,UPPTCL,100.0,NOV-20,2020-21
Aklera (Dist. Jhalawar),State,220/132,RVPNL,160.0,NOV-20,2020-21
Kesinga (2nd Auto T/F),State,220/132,OPTCL,160.0,NOV-20,2020-21
Chitegaon (Repl ICT ),State,220/132,MSETCL,100.0,NOV-20,2020-21
Vidisha (Addl. T/F),State,220/132,MPPTCL,160.0,NOV-20,2020-21
Neemwala (3rd T/F),State,220/132,HVPNL,100.0,SEP-20,2020-21
RGEC Sonipat (2nd T/F),State,220/33,HVPNL,100.0,SEP-20,2020-21
Manjeri s/s,State,220/110,KSEB,200.0,SEP-20,2020-21
Rawatsar,State,220/132,RVPNL,160.0,SEP-20,2020-21
Kesinga (1st Auto T/F),State,220/132,OPTCL,160.0,SEP-20,2020-21
New Tanda Ambedkar Nagar (Aug) T/F-III,State,220/132,UPPTCL,160.0,SEP-20,2020-21
Deroli Ahir S/s,State,220/33,HVPNL,100.0,SEP-20,2020-21
Mesanka,State,220/66,GETCO,160.0,SEP-20,2020-21
Sohna Road (Gurgaon) (GIS) (GPTL - TBCB),Private,400/220,SGL,1000.0,APR-20,2020-21
P.K. Bari S/S (NER-II TL- TBCB),Private,400/132,SGL,630.0,JAN-21,2020-21
Surajmaninagar (NER-II TL -TBCB),Private,400/132,SGL,630.0,JAN-21,2020-21
New Kohima S/s (K-MTL-TBCB),Private,400/220,KPTL,1000.0,JUL-20,2020-21
Badaun GIS (OBTL),Private,400/220/132,APL,950.0,MAR-21,2020-21
Patparganj (Addl.),State,220/33,DTL,100.0,NOV-20,2020-21
Sanjay Gandhi Transport Nagar (SGTN) GIS,State,220/66,DTL,320.0,NOV-20,2020-21
Ashoknagar (Addl T/F),State,220/132,MPPTCL,160.0,NOV-20,2020-21
Narsinghpur (Addl T/F),State,220/132,MPPTCL,160.0,NOV-20,2020-21
Deroli Ahir (T/F-II),State,220/132,HVPNL,160.0,NOV-20,2020-21
Babara (Dist. Amreli) S/S,State,220/132,GETCO,300.0,NOV-20,2020-21
Mokama S/S,State,220/132,BSPTCL,420.0,NOV-20,2020-21
Udaipura S/S (Upgradation),State,220/132,MPPTCL,160.0,NOV-20,2020-21
Pipariya (Addl T/F),State,220/132,MPPTCL,160.0,NOV-20,2020-21
Kothamangalam (T/F-II),State,220/110,KSEB,100.0,NOV-20,2020-21
Gorabazar S/S,State,220/132,MPPTCL,160.0,OCT-20,2020-21
Kothamangalam (T/F-I),State,220/110,KSEB,100.0,OCT-20,2020-21
Asoj (Aug.) (1x160 ),State,220/66,GETCO,160.0,OCT-20,2020-21
Somanahalli T/F-I Aug (1x150 - 1x100),State,220/66,KPTCL,50.0,OCT-20,2020-21
Neebkarori T/F- II (Capacity Augmentation),State,220/132,UPPTCL,100.0,OCT-20,2020-21
Hoshangabad S/S,State,220/132,MPPTCL,160.0,OCT-20,2020-21
Extn. at Jeypore s/s (ICT-I),Central,400/220,PGCIL,315.0,APR-21,2021-22
Sitamarhi S/S ERSS XXITL-TBCB),Central,400/220/132,PGCIL,1400.0,APR-21,2021-22
Vemagiri (ICT-4),State,400/220,APTRANSCO,500.0,APR-21,2021-22
TNEB Head Quarters,State,230/33,TANTRANSCO,200.0,APR-21,2021-22
Gadag (Addl.- T/F),State,220/110,KPTCL,100.0,APR-21,2021-22
Hukmawali (Aug.),State,220/33,HVPNL,100.0,APR-21,2021-22
Bhuj S/S,Central,765/400,PGCIL,3000.0,MAY-21,2021-22
Extn. at Motihari S/S,Central,400/132,PGCIL,315.0,MAY-21,2021-22
Bhuj S/S,Central,400/220,PGCIL,1500.0,MAY-21,2021-22
Maath Mathura (Capacity Augmentation),State,400/220,UPPTCL,500.0,MAY-21,2021-22
Banga (Upgradation of 132 KV S/Stn. to 220 KV S/Stn. ),State,220/132,PSTCL,100.0,MAY-21,2021-22
Akiveedu S/S at West Godavari Dist.,State,220/33,APTRANSCO,80.0,MAY-21,2021-22
Nirpura Baghpat (New) T/F,State,220/33,UPPTCL,60.0,MAY-21,2021-22
VSC based HVDC Terminal at Pugalur and North Trishur (2000MW) (Monopole-I),Central,320,PGCIL,1000.0,JUN-21,2021-22
BTPS Switchyard,State,400/220,TSTRANSCO,315.0,JUN-21,2021-22
Ujjain S/S (T/F-II),State,400/220,MPPTCL,315.0,JUN-21,2021-22
Bheemghanpur,State,220/33,TSTRANSCO,32.0,JUN-21,2021-22
Akkaram LIS s/s (Station T/F-I and II) and (Pump T/F-I) (3x31.5MVA),State,220/11,TSTRANSCO,95.0,JUN-21,2021-22
Markook LIS s/s (16 MVA Station PTR-II) and (6x40 MVA Pump PTR- I to VI),State,220/11,TSTRANSCO,256.0,JUN-21,2021-22
Markook LIS s/s (Station PTR-I),State,220/11,TSTRANSCO,16.0,JUN-21,2021-22
Mupkal LIS s/s (T/F-I and II) (2x60 MVA),State,220/11,TSTRANSCO,120.0,JUN-21,2021-22
Ujjain S/S (160),State,220/132,MPPTCL,160.0,JUN-21,2021-22
Pratapsasan S/s (T/F-I),State,220/132,OPTCL,160.0,JUN-21,2021-22
Kothur s/s (2x160 MVA),State,220/132,TSTRANSCO,320.0,JUN-21,2021-22
Phaltan S/s (Addl T/F),State,220/33,MSETCL,25.0,JUN-21,2021-22
Akkaram LIS s/s (Aug) (Pump T/F-II to VI) (5x31.5MVA),State,220/11,TSTRANSCO,158.0,JUN-21,2021-22
Chanchalguda GIS (3x50 MVA),State,220/33,TSTRANSCO,150.0,JUN-21,2021-22
Rampur Kamboyan (Aug.),State,220/66,HVPNL,100.0,JUN-21,2021-22
Raigarh and Pugalur Station with 6000 MW HVDC Terminal (Pole-III),Central,800,PGCIL,1500.0,JUL-21,2021-22
Augmentation of Transformation Capacity at 400/200 KV Gajuwaka S/S,Central,400/220,PGCIL,500.0,JUL-21,2021-22
K.R.Thoppur (Addl T/F),State,400/110,TANTRANSCO,200.0,JUL-21,2021-22
Sundilla s/s (2x315 MVA ICTs-I and II 50 MVA STR-I and 50 MVA PTR-I),State,400/220/11,TSTRANSCO,730.0,JUL-21,2021-22
Sundilla s/s (2x315 MVA ICTs-III and IV 50 MVA STR-II and 6x50 MVA PTR-II to VII),State,400/220/33,TSTRANSCO,980.0,JUL-21,2021-22
Dhanbad New s/s (NKTL-TBCB),Private,400/220,APL,1000.0,JUL-21,2021-22
Mambakkam (Addl T/F),State,230/110,TANTRANSCO,100.0,JUL-21,2021-22
Valayapatti (Addl T/F),State,230/110,TANTRANSCO,100.0,JUL-21,2021-22
Radhanesda,State,220/33,GETCO,375.0,JUL-21,2021-22
Telkoi,State,220/33,OPTCL,20.0,JUL-21,2021-22
Domalapenta s/s,State,220/33,TSTRANSCO,63.0,JUL-21,2021-22
Nagaram S/S,State,220/33,TSTRANSCO,63.0,JUL-21,2021-22
Phoolbagh Kanpur (New) T/F-II,State,220/33,UPPTCL,60.0,JUL-21,2021-22
Sikandarabad T/F-II (Capacity Augmentation),State,220/33,UPPTCL,60.0,JUL-21,2021-22
Annaram S/S (50 MVA STR-I and 4x50 MVA PTR-I to IV),State,220/11,TSTRANSCO,250.0,JUL-21,2021-22
Kathua-II (Ghatti) (New) Grid station,State,220/66,JKPDD,160.0,JUL-21,2021-22
Samba(New) Grid station,State,220/66,JKPDD,160.0,JUL-21,2021-22
Huzurnagar S/S,State,220/132/33,TSTRANSCO,200.0,JUL-21,2021-22
Aswaraopet SS upgradation from 132 kV,State,220/132/33,TSTRANSCO,100.0,JUL-21,2021-22
Renzal S/S (Upgradation of existing 132/33 s/s),State,220/132,TSTRANSCO,200.0,JUL-21,2021-22
Pedagopathi S/S,State,220/132,TSTRANSCO,200.0,JUL-21,2021-22
Nagarkurnool,State,220/132,TSTRANSCO,200.0,JUL-21,2021-22
Mahabubabad (Ayyagaripally),State,220/132,TSTRANSCO,100.0,JUL-21,2021-22
Madugula,State,220/132,TSTRANSCO,200.0,JUL-21,2021-22
Kalluru S/S,State,220/132,TSTRANSCO,200.0,JUL-21,2021-22
Janagaon s/s (Upgradation of existing 132/33 s/s),State,220/132,TSTRANSCO,200.0,JUL-21,2021-22
Huzurabad S/S,State,220/132,TSTRANSCO,200.0,JUL-21,2021-22
Medigadda s/s (50 MVA STR-I and 3x50 MVA PTR-I to III),State,220/110,TSTRANSCO,200.0,JUL-21,2021-22
Kunnamangalam GIS s/s,State,220/110,KSEB,100.0,JUL-21,2021-22
Yelluru Water Grid S/S,State,220/11,TSTRANSCO,100.0,JUL-21,2021-22
Rampur (120 MVA) S/S,State,220/11,TSTRANSCO,120.0,JUL-21,2021-22
Rajeshwarrao peta s/s,State,220/11,TSTRANSCO,120.0,JUL-21,2021-22
Meenajipet s/s,State,220/132/33,TSTRANSCO,200.0,JUL-21,2021-22
Medigadda s/s (50 MVA STR-II and 8x50 MVA PTR-IVto XI),State,220/11,TSTRANSCO,450.0,JUL-21,2021-22
Gouridevipally S/S,State,220/11,TSTRANSCO,100.0,JUL-21,2021-22
Annaram S/S (50 MVA STR-II and 4x50 MVA PTR- V to VIII),State,220/11,TSTRANSCO,250.0,JUL-21,2021-22
Extension 765/400/220 kV Fatehgarh-II PS (Jaisalmer) (PGCIL-RTM),Central,765/400/220,PGCIL,1000.0,AUG-21,2021-22
Eastablishment of 765/400 Fathehgarh -II PS,Central,765/400,PGCIL,1500.0,AUG-21,2021-22
Extension 400/220 kV Bikaner (PG) Substation,Central,400/220,PGCIL,500.0,AUG-21,2021-22
Extn. at 400/220 kV Jabalpur S/S,Central,400/220,PGCIL,500.0,AUG-21,2021-22
Extn. at 400/220 kV Bhadla,Central,400/220,PGCIL,500.0,AUG-21,2021-22
Jehta (Hardoi Road) S/s Lucknow,State,400/220,UPPTCL,1000.0,AUG-21,2021-22
Acharapakkam (Addl T/F),State,230/110,TANTRANSCO,100.0,AUG-21,2021-22
Thirupathur S/S,State,230/110,TANTRANSCO,100.0,AUG-21,2021-22
I.I.T.G.N.L. Gr. Noida (New) T/F-I,State,220/33,UPPTCL,60.0,AUG-21,2021-22
Hayathnagar (Aug) (2x100) - (1x100 1x50),State,220/33,TSTRANSCO,50.0,AUG-21,2021-22
Laphripara,State,220/33,OPTCL,40.0,AUG-21,2021-22
Deogarh,State,220/33,OPTCL,40.0,AUG-21,2021-22
Kalwan (Bhendi) (Addl T/F),State,220/33,MSETCL,50.0,AUG-21,2021-22
Sukha (Jabalpur) (Addl. T/F-II),State,220/33,MPPTCL,50.0,AUG-21,2021-22
Gurgaon Sector-107 GIS,State,220/33,HVPNL,200.0,AUG-21,2021-22
Radhanesda (Addl T/F),State,220/33,GETCO,125.0,AUG-21,2021-22
Jehta (Hardoi Road) S/s (Lucknow),State,220/132,UPPTCL,200.0,AUG-21,2021-22
Indravelly (Utnoor) S/S with Automation System,State,220/132,TSTRANSCO,200.0,AUG-21,2021-22
Jeerat (New) S/s (PM-JTL -TBCB),Central,765/400,PGCIL,3000.0,SEP-21,2021-22
Khetri SS (ICT-I),Central,765/400,PGCIL,1500.0,SEP-21,2021-22
"400/220/132 kV Saharsa S/S (1x500 MVA ICT of
400/220 kV) (ERSS-XXITL-TBCB)",Central,400/220,PGCIL,500.0,SEP-21,2021-22
1x500MVA 400/220kV ICT at Fatehgarh-II PS,Central,400/220,PGCIL,500.0,SEP-21,2021-22
400/220/132 kV Saharsa S/S (2 x 200 MVA ICTs of 220/132 kV) (ERSS-XXITL-TBCB),Central,220/132,PGCIL,400.0,SEP-21,2021-22
Radhanesda (Addl. T/F),State,220/33,GETCO,125.0,SEP-21,2021-22
Babhaleshwar S/s (Addl T/F),State,220/33,MSETCL,50.0,SEP-21,2021-22
Ujjain (T/F-II),State,220/132,MPPTCL,160.0,SEP-21,2021-22
Faridabad Sector-58 GIS,State,220/66,HVPNL,320.0,SEP-21,2021-22
Raigarh and Pugalur HVDC (Pole-4),Central,800,PGCIL,1500.0,OCT-21,2021-22
Establishment of 765/400 kV 2x1500 MVA S/S at Khetri,Central,765/400,PGCIL,1500.0,OCT-21,2021-22
Fatehgarh-II PS (2nd ICT Bank),Central,765/400,PGCIL,1500.0,OCT-21,2021-22
Establishment of 765/400 kV Bhadla-II PS (PGCIL- RTM),Central,765/400,PGCIL,3000.0,OCT-21,2021-22
400/220 kV ICT at Jeypore S/S,Central,400/220,PGCIL,315.0,OCT-21,2021-22
Extn. of 765/400/220 kV Bhadla (PG) S/S (400/220kV ICT-I at Bhadla S/S),Central,400/220,PGCIL,500.0,OCT-21,2021-22
Saharsa S/S (2nd 500 MVA ICT),Central,400/220,PGCIL,500.0,OCT-21,2021-22
Makhu (Addl. T/F),State,400/220,PSTCL,500.0,OCT-21,2021-22
Addl. T/F (ICT-2) at Jaisalmer,State,400/220,RVPNL,500.0,OCT-21,2021-22
Kanchipuram s/s,State,230/110,TANTRANSCO,100.0,OCT-21,2021-22
Thuvakudy S/S,State,230/110,TANTRANSCO,100.0,OCT-21,2021-22
Karuvalur S/S,State,230/110,TANTRANSCO,100.0,OCT-21,2021-22
Pydibhimavaram at (Srikakulam District),State,220/132,APTRANSCO,100.0,OCT-21,2021-22
GNDTP Bhatinda,State,220/66,PSTCL,200.0,OCT-21,2021-22
Wankaner S/S (Dist. Rajkot) (GEC-I),State,220/132,GETCO,300.0,OCT-21,2021-22
Kukshi 220/132kV S/S,State,220/132,MPPTCL,160.0,OCT-21,2021-22
GNDTP Bhatinda,State,220/132,PSTCL,300.0,OCT-21,2021-22
Amethi (New) T/F-I,State,220/132,UPPTCL,160.0,OCT-21,2021-22
Chatra S/S,State,220/132/33,JUSNL,300.0,OCT-21,2021-22
Lassipora (GIS),State,220/33,JKPDD,160.0,OCT-21,2021-22
Indore (East),State,220/33,MPPTCL,50.0,OCT-21,2021-22
Botanical Garden (Sec-38A)Noida (Capacity Aug.) T/F-III),State,220/33,UPPTCL,60.0,OCT-21,2021-22
Pratap Vihar (Capacity Aug.) T/F-II,State,220/33,UPPTCL,60.0,OCT-21,2021-22
Tubinakere (T/F-I Replacement (150-100)),State,220/66,KPTCL,50.0,OCT-21,2021-22
Alawalpur (Addl. T/F),State,220/66,PSTCL,100.0,OCT-21,2021-22
1x1500MVA 765/400kV ICT at Fatehgarh-II,Central,765/400,PGCIL,1500.0,NOV-21,2021-22
765/400kV ICT at Bhiwani (PG) SS,Central,765/400,PGCIL,1000.0,NOV-21,2021-22
1x500MVA 400/220 kV ICT at Fatehgarh-II PS,Central,400/220,PGCIL,500.0,NOV-21,2021-22
400/220kV ICT at Itarsi S/S,Central,400/220,PGCIL,500.0,NOV-21,2021-22
400/220kV ICT at Sonepat,Central,400/220,PGCIL,500.0,NOV-21,2021-22
Kamalapuram SS (2x315 ICT I and II ),State,400/220/11,TSTRANSCO,630.0,NOV-21,2021-22
Dahi Chowki Unnao (New) T/F-III,State,220/33,UPPTCL,60.0,NOV-21,2021-22
Shivpuri s/s,State,220/132,MPPTCL,160.0,NOV-21,2021-22
Tubinakere (T/F-II Replacement (150-100)),State,220/66,KPTCL,50.0,NOV-21,2021-22
Magarpatta (ICT Replacement) (200-100),State,220/132,MSETCL,100.0,NOV-21,2021-22
Huzurabad (Aug) ((2x100 160) -(2x100)),State,220/132,TSTRANSCO,160.0,NOV-21,2021-22
Gola (New) T/F-I,State,220/132,UPPTCL,160.0,NOV-21,2021-22
Pratapgarh T/F (Capacity Augmentation),State,220/132,UPPTCL,160.0,NOV-21,2021-22
Tundla Firozabad (New) T/F-I,State,220/132,UPPTCL,160.0,NOV-21,2021-22
Establishment of 765/400 kV Fatehgarh-II PS (Jaisalmer) ( 500MVA 400/220kV ICT) (PGCIL-RTM),Central,400/220,PGCIL,500.0,DEC-21,2021-22
Extn. at 400/220 kV Roorkee (ICT-III),Central,400/220,PGCIL,500.0,DEC-21,2021-22
Extn. of 765/400/220 kV Bhadla (PG) (1x500MVA 400/220kV ICT)S/S,Central,400/220,PGCIL,500.0,DEC-21,2021-22
Badaikala Muzaffarnagar (New) T/F-II,State,220/132,UPPTCL,160.0,DEC-21,2021-22
Satrikh Road (Lucknow) (New) T/F-I,State,220/33,UPPTCL,60.0,DEC-21,2021-22
Sagar,State,220/132,MPPTCL,160.0,DEC-21,2021-22
Jadla (Addl. T/F),State,220/66,PSTCL,100.0,DEC-21,2021-22
Mohali (Aug. of 100 to 160 MVA),State,220/66,PSTCL,60.0,DEC-21,2021-22
Sira (T/F-I),State,220/66,KPTCL,100.0,DEC-21,2021-22
Rayadurg (GIS) S/S,State,220/132,TSTRANSCO,320.0,DEC-21,2021-22
400 kV S/s Gr Noida G B Nagar T/F (Capacity Aug),State,220/132,UPPTCL,160.0,DEC-21,2021-22
Extension 400/220 kV Bikaner (PG) Substation (ICT-II),Central,400/220,PGCIL,500.0,JAN-22,2021-22
Dhanbad (2 Auto-Xmer),Central,220/132,DVC,160.0,JAN-22,2021-22
Dimapur (PG) GIS S/S,Central,220/132,PGCIL,220.0,JAN-22,2021-22
Burdwan GIS along with associated line bays at Parulia S/s,Central,220/132,DVC,320.0,JAN-22,2021-22
Meramundali-B (ICT-I),State,400/220,OPTCL,500.0,JAN-22,2021-22
Akal Jaisalmer (Aug.) (500-315),State,400/220,RVPNL,185.0,JAN-22,2021-22
Kankani s/s (Addl T/F),State,400/220,RVPNL,315.0,JAN-22,2021-22
Basti (GIS) (T/F-I),State,400/220,UPPTCL,500.0,JAN-22,2021-22
Talandage S/s (ICT Replacement) (501-315),State,400/220/132,MSETCL,186.0,JAN-22,2021-22
Rayadurg GIS S/S,State,400/220/132,TSTRANSCO,1000.0,JAN-22,2021-22
Bhogat S/S,State,400/220,GETCO,500.0,JAN-22,2021-22
Patratu GSS (PGCIL),State,400/220,JUSNL,630.0,JAN-22,2021-22
Karjat S/S,State,400/220,MSETCL,1000.0,JAN-22,2021-22
Azizpur S/s Shahjahanpur (T/F-I),State,220/132,UPPTCL,160.0,JAN-22,2021-22
Jehta Hardoi Road (GIS) (New) T/F-II,State,220/132,UPPTCL,200.0,JAN-22,2021-22
Gangavathi (Sulekal) S/S,State,220/110,KPTCL,200.0,JAN-22,2021-22
Pilibhit T/F-II (Capacity Aug.),State,220/132,UPPTCL,60.0,JAN-22,2021-22
Sambhal T/F-I (Capacity Aug.),State,220/132,UPPTCL,60.0,JAN-22,2021-22
Shamli s/s (220 /132 kV T/F-I),State,220/132,UPPTCL,200.0,JAN-22,2021-22
Bhogat s/s,State,220/66,GETCO,320.0,JAN-22,2021-22
Kim (Aug) ((1x160 4x100)-(4x100)),State,220/66,GETCO,160.0,JAN-22,2021-22
Timbdi (Aug) ((3x100)-(2x100 1x50)),State,220/66,GETCO,50.0,JAN-22,2021-22
Hoody (T/F-I Replacement of 100 MVA by 150 MVA),State,220/66,KPTCL,50.0,JAN-22,2021-22
Dasuya (Addl. T/F),State,220/66,PSTCL,100.0,JAN-22,2021-22
Nighasan Lakhimpur T/F-I (Capacity Aug.),State,220/132,UPPTCL,160.0,JAN-22,2021-22
Kudachi (Addl T/F),State,220/110,KPTCL,100.0,JAN-22,2021-22
Netlamadnur (Addl T/F),State,220/110,KPTCL,100.0,JAN-22,2021-22
Karamnasha (New) s/s,State,220/132,BSPTCL,400.0,JAN-22,2021-22
Ratu,State,220/132,JUSNL,300.0,JAN-22,2021-22
Mandsaur,State,220/132,MPPTCL,160.0,JAN-22,2021-22
Bhandara S/s (ICT Replacement) (200-100),State,220/132,MSETCL,100.0,JAN-22,2021-22
Lonikand -II S/S (ICT-I),State,220/132,MSETCL,100.0,JAN-22,2021-22
Lonikand -II S/S (ICT-II),State,220/132,MSETCL,100.0,JAN-22,2021-22
Bansur s/s (Aug.),State,220/132,RVPNL,100.0,JAN-22,2021-22
Dechu s/s (Aug.),State,220/132,RVPNL,100.0,JAN-22,2021-22
Sirohi s/s (Aug),State,220/132,RVPNL,100.0,JAN-22,2021-22
Amaria S/S (T/F-I) Pilibhit,State,220/132,UPPTCL,100.0,JAN-22,2021-22
Extn at New Siliguri s/s (3rd ICT),Central,400/220,PGCIL,315.0,FEB-22,2021-22
Tuticorin-II GIS Additional ICT (4th) (PGCIL-RTM),Central,400/220,PGCIL,500.0,FEB-22,2021-22
Wardha SS (ICT),Central,400/220,PGCIL,500.0,FEB-22,2021-22
Dwarka SS (3x500MVA 400/220kV ICT),Central,400/220,PGCIL,1500.0,FEB-22,2021-22
Malda SS (2nd ICT Replacement) (1x315MVA to 1X500MVA ),Central,400/220,PGCIL,185.0,FEB-22,2021-22
Rangpo GIS (ICT),Central,220/132,PGCIL,100.0,FEB-22,2021-22
Mambalam (GIS),State,230/110,TANTRANSCO,320.0,FEB-22,2021-22
Magarpatta (ICT Replacement ) (200-100),State,220/132,MSETCL,100.0,FEB-22,2021-22
Ranjangaon SS (Aug.),State,220/132,MSETCL,100.0,FEB-22,2021-22
NPH (Distt. Jodhpur),State,220/132,RVPNL,160.0,FEB-22,2021-22
Madhuvan Bapudham (GIS Ghaziabad) T/F-III,State,220/132,UPPTCL,60.0,FEB-22,2021-22
Sikandara Kanpur Dehat T/F-II,State,220/132,UPPTCL,60.0,FEB-22,2021-22
Khaperkheda s/s (T/F),State,220/33,MSETCL,25.0,FEB-22,2021-22
Kunnamkulam,State,220/110,KSEB,200.0,FEB-22,2021-22
Channagiri (Nallur/Benkikere),State,220/66,KPTCL,200.0,FEB-22,2021-22
Guttur,State,220/66,KPTCL,200.0,FEB-22,2021-22
HBR Layout GIS,State,220/66,KPTCL,300.0,FEB-22,2021-22
Chithirapuram S/S,State,220/66,KSEB,63.0,FEB-22,2021-22
Bottianwala (Addl. T/f),State,220/66,PSTCL,160.0,FEB-22,2021-22
Pakhowal (Augmentation of 100 to 160 MVA),State,220/66,PSTCL,60.0,FEB-22,2021-22
Sahnewal (Augmentation of 100 to 160 MVA),State,220/66,PSTCL,60.0,FEB-22,2021-22
Telkoi s/s (T/F-II),State,220/33,OPTCL,20.0,FEB-22,2021-22
Darbhanga GSS (Aug) (200-160) T/F-I,State,220/132,BSPTCL,40.0,FEB-22,2021-22
Gopalganj GSS (Aug) (200-100) T/F-I,State,220/132,BSPTCL,100.0,FEB-22,2021-22
Hazipur GSS (Aug) (200-100) T/F-I,State,220/132,BSPTCL,100.0,FEB-22,2021-22
Kishanganj (Addl T/F),State,220/132,BSPTCL,160.0,FEB-22,2021-22
Sonenagar (New) GSS (Addl T/F),State,220/132,BSPTCL,160.0,FEB-22,2021-22
Dhuvaran (Aug) ((100 150)-(2x100)),State,220/132,GETCO,50.0,FEB-22,2021-22
Dwarka SS (4th ICT),Central,400/220,PGCIL,500.0,MAR-22,2021-22
Seoni (ICT),Central,400/220,PGCIL,500.0,MAR-22,2021-22
Extension 765/400/220 kV Bhadla-II PS (Jodhpur) (PGCIL-RTM),Central,400/220,PGCIL,500.0,MAR-22,2021-22
Mokokchung (PG) GIS S/S (220/132 kV 30 MVA 3rd ICT),Central,220/132,PGCIL,30.0,MAR-22,2021-22
Naubatpur GIS (400/220 kV T/F-I of 500 MVA 220/132 kV T/Fs of 160 MVA and 80 MVA),State,400/220/132,BSPTCL,740.0,MAR-22,2021-22
Shapar S/s,State,400/200,GETCO,500.0,MAR-22,2021-22
Aug. at Hindupur,State,400/220,APTRANSCO,315.0,MAR-22,2021-22
Asoj,State,400/220,GETCO,500.0,MAR-22,2021-22
Bhachunda,State,400/220,GETCO,500.0,MAR-22,2021-22
Paccham (2nd ICT),State,400/220,GETCO,500.0,MAR-22,2021-22
(Basti) (GIS) T/F-II,State,400/220,UPPTCL,500.0,MAR-22,2021-22
Nagda (Addl T/F),State,220/33,MPPTCL,50.0,MAR-22,2021-22
Road Lucknow T/F-II,State,220/33,UPPTCL,60.0,MAR-22,2021-22
Kalawad,State,220/66,GETCO,480.0,MAR-22,2021-22
Salejada (Aug) ((3x100 1x160)-(3x100)),State,220/66,GETCO,160.0,MAR-22,2021-22
Shapar S/s,State,220/66,GETCO,160.0,MAR-22,2021-22
Aequs Sez s/s,State,220/66,KPTCL,200.0,MAR-22,2021-22
Belagavi (Addl T/F),State,220/66,KPTCL,100.0,MAR-22,2021-22
Cessna Business Park GIS s/s,State,220/66,KPTCL,300.0,MAR-22,2021-22
Kumbalgodu S/S,State,220/66,KPTCL,300.0,MAR-22,2021-22
Nagamangala (Karadahally) s/s,State,220/66,KPTCL,200.0,MAR-22,2021-22
Sahakarinagar s/s,State,220/66,KPTCL,300.0,MAR-22,2021-22
Tibber (Additional T/F),State,220/66,PSTCL,100.0,MAR-22,2021-22
Augmnetation works at 220KV SS Anantapuramu,State,220/132,APTRANSCO,80.0,MAR-22,2021-22
Pichhore S/s (Upgradation),State,220/132,MPPTCL,160.0,MAR-22,2021-22
Nalkheda 220/132 kV S/s (T/F-II),State,220/132,MPPTCL,160.0,MAR-22,2021-22
Budhni s/s,State,220/132,MPPTCL,160.0,MAR-22,2021-22
Sirmour Addl. Xmer,State,220/132,MPPTCL,160.0,MAR-22,2021-22
Gunupur,State,220/132,OPTCL,320.0,MAR-22,2021-22
Dulhipar Sant Kabir Nagar (New) T/F-I,State,220/132,UPPTCL,160.0,MAR-22,2021-22
Gola (T/F-II),State,220/132,UPPTCL,160.0,MAR-22,2021-22
Tundla Firozabad (New) T/F-II,State,220/132,UPPTCL,160.0,MAR-22,2021-22
Dholera,State,220/33,GETCO,375.0,MAR-22,2021-22
Extn. at 400/220 kV Muzaffarpur S/S (Extn. including ICT),Central,400/220,PGCIL,500.0,APR-22,2022-23
Farakka (400/220 kV ICT) S/S,Central,400/220,PGCIL,315.0,APR-22,2022-23
ICT at Indore,Central,400/220,PGCIL,500.0,APR-22,2022-23
765 kV GSS Phagi (Addl T/Fs 3x500 MVA),State,765/400,RVPNL,1500.0,APR-22,2022-23
Rasra (New) T/F-I,State,400/220,UPPTCL,500.0,APR-22,2022-23
Jakkanpur (GIS) s/s (ICT-I of 500 MVA),State,400/220/132,BSPTCL,500.0,APR-22,2022-23
Nirpura S/s (T/F-II),State,220/132,UPPTCL,160.0,APR-22,2022-23
Rasra (New) T/F-I and II,State,220/132,UPPTCL,320.0,APR-22,2022-23
HSIIDC Bawal (Aug.),State,220/33,HVPNL,100.0,APR-22,2022-23
Metrajpally LI SS (2x31.5 MVA),State,220/11,TSTRANSCO,63.0,APR-22,2022-23
Morti Ghaziabad T/F-III,State,220/33,UPPTCL,60.0,APR-22,2022-23
Bhalwani substation (T/F Replacement 25MVA by 50 MVA),State,220/33,MSETCL,25.0,APR-22,2022-23
Sirsi (Esale) s/s (Addl T/F),State,220/110,KPTCL,55.0,APR-22,2022-23
Vizhinjam (T/F-I),State,220/110,KSEB,100.0,APR-22,2022-23
Tiruvuru,State,220/132,APTRANSCO,300.0,APR-22,2022-23
Ayodhya (New) T/F-I,State,220/132,UPPTCL,160.0,APR-22,2022-23
Babina s/s (Jhansi) (T/F-I),State,220/132,UPPTCL,160.0,APR-22,2022-23
Jam Khambhaliya GIS,Private,400/220,APL,2000.0,APR-22,2022-23
Extension 765/400/220 kV Fatehgarh-II PS (1500 MVA ICT-4th),Central,765/400,PGCIL,1500.0,MAY-22,2022-23
Vadodara (Aug.) (3rd ICT),Central,765/400,PGCIL,1500.0,MAY-22,2022-23
ICT Replacement at Ludhiana (1x315 MVA 400/220 kV ICT by 1x500 MVA 400/220 kV ICT),Central,400/220,PGCIL,185.0,MAY-22,2022-23
Extension at Bhadla-II PS (ICT),Central,400/220,PGCIL,500.0,MAY-22,2022-23
Rajpura,State,400/220,PSTCL,500.0,MAY-22,2022-23
Khedamara (Bhilai) (Addl T/F),State,400/220,CSPTCL,315.0,MAY-22,2022-23
Thervoikandigai (Addl T/F),State,400/230,TANTRANSCO,315.0,MAY-22,2022-23
Khair Aligarh T/F (Capacity Augmentation),State,220/132,UPPTCL,160.0,MAY-22,2022-23
Malwan S/S (Fatehpur),State,220/132,UPPTCL,320.0,MAY-22,2022-23
Ammavaripalli in Ananthapur (Aug.) (2x50 - 1x50),State,220/33,APTRANSCO,50.0,MAY-22,2022-23
Gurgaon Sector-69 GIS (T/F-I),State,220/33,HVPNL,100.0,MAY-22,2022-23
Ettumanoor,State,220/110,KSEB,200.0,MAY-22,2022-23
Chithirapuram (T/F-II),State,220/66,KSEB,63.0,MAY-22,2022-23
BBMB Jamalpur (Augmentation of 100 to 160 MVA),State,220/66,PSTCL,60.0,MAY-22,2022-23
Patti (Augmentation of 100 to 160 MVA),State,220/66,PSTCL,60.0,MAY-22,2022-23
Hosdurga (Madure),State,220/66,KPTCL,200.0,MAY-22,2022-23
Vizhinjam (T/F-II),State,220/110,KSEB,100.0,MAY-22,2022-23
Asthawan GSS (2x160 3x50),State,220/132,BSPTCL,320.0,MAY-22,2022-23
Goraul GSS,State,220/132,BSPTCL,320.0,MAY-22,2022-23
Chapda 220 KV S/s Addl. 160 MVA X-mer,State,220/132,MPPTCL,160.0,MAY-22,2022-23
Pithampur Sec-I Addl. Xmer,State,220/132,MPPTCL,160.0,MAY-22,2022-23
Bhaukhari (Basti) (GIS) (New) T/F-I and II,State,220/132,UPPTCL,400.0,MAY-22,2022-23
Establishment of 765/400/220 KV Bhuj-II Substation (T/F-I of 1500 MVA),Central,765/400,PGCIL,1500.0,JUN-22,2022-23
Establishment of 765/400/220 KV Bhuj-II Substation (4x500 MVA 400/220 kV),Central,400/200,PGCIL,2000.0,JUN-22,2022-23
Extension 400/220kV Bhadla-II PS (500MVA ICT) (Fatehgarh-II and Bhadla-II),Central,400/220,PGCIL,500.0,JUN-22,2022-23
ICT at Morena,Central,400/220,PGCIL,500.0,JUN-22,2022-23
400/220/66 kV Shapar S/S (400/220 kV 2x500 MVA),State,400/220,GETCO,1000.0,JUN-22,2022-23
Bhilwara (T/F Replacement of 315 MVA by 500 MVA),State,400/220,RVPNL,185.0,JUN-22,2022-23
Faridabad Sector-78 GIS,State,220/33,HVPNL,200.0,JUN-22,2022-23
Godisahi S/s (2x63 MVA),State,220/33,OPTCL,126.0,JUN-22,2022-23
Aaheri,State,220/110,KPTCL,200.0,JUN-22,2022-23
Amloh (Aug. of 100 to 160 MVA),State,220/66,PSTCL,60.0,JUN-22,2022-23
Bakana s/s (T/F-II),State,220/66,HVPNL,160.0,JUN-22,2022-23
Athani (Addl T/F),State,220/110,KPTCL,100.0,JUN-22,2022-23
Balligavi (Addl T/F),State,220/110,KPTCL,100.0,JUN-22,2022-23
Vijayapura (Addl T/F),State,220/110,KPTCL,100.0,JUN-22,2022-23
400/220/132 kV GIS S/s Shamli (New) T/F-II,State,220/132,UPPTCL,200.0,JUN-22,2022-23
Bhusaula (GIS) s/s (T/F-I),State,220/33,BSPTCL,100.0,JUN-22,2022-23
Sambhal (400/220 kV2x500 2x160 MVA),Central,400/220,PGCIL,1320.0,JUL-22,2022-23
Aligarh (Augmentation) T/F-II,State,400/220,UPPTCL,500.0,JUL-22,2022-23
AP Carbides s/s in Kurnool Dist (Aug),State,220/132,APTRANSCO,60.0,JUL-22,2022-23
Bemetara (Addl T/F),State,220/132,CSPTCL,160.0,JUL-22,2022-23
Mungeli (Addl T/F),State,220/132,CSPTCL,160.0,JUL-22,2022-23
Dehan s/s (GEC-I),State,220/132,HPPTCL,200.0,JUL-22,2022-23
Damoh (Aug. of 160 by 200 MVA),State,220/132,MPPTCL,40.0,JUL-22,2022-23
Katni 400 kV S/S ( Addl. X-mer),State,220/132,MPPTCL,160.0,JUL-22,2022-23
Amrapur (Pathardi) S/S,State,220/132,MSETCL,200.0,JUL-22,2022-23
Balapur (Aug.),State,220/132,MSETCL,100.0,JUL-22,2022-23
Saundatti (Addl T/F),State,220/110,KPTCL,100.0,JUL-22,2022-23
Azizpur (New) T/F-II,State,220/132,UPPTCL,160.0,JUL-22,2022-23
Baruipur GIS,State,220/132,WBSETCL,320.0,JUL-22,2022-23
Dadri Toe S/s (T/F-I),State,220/33,HVPNL,100.0,JUL-22,2022-23
Gurugram sector-72 S/S (Aug.),State,220/33,HVPNL,100.0,JUL-22,2022-23
Rangala Rajpur s/s (3rd T/F),State,220/33,HVPNL,100.0,JUL-22,2022-23
Bhalwani substation (T/F-II replacement of 25MVA by 50 MVA),State,220/33,MSETCL,25.0,JUL-22,2022-23
400/220/66 kV Shapar S/S (220/66kV 2x160 MVA),State,220/66,GETCO,320.0,JUL-22,2022-23
T.K.Halli (Addl T/F),State,220/66,KPTCL,100.0,JUL-22,2022-23
Satara MIDC,State,220/132,MSETCL,100.0,JUL-22,2022-23
Singarapet 230/110 KV SS (Second unit),State,220/110,TANTRANSCO,100.0,JUL-22,2022-23
Extension at 765/400/220kV Bhadla-II (500MVA 400/220 kV ICT 6),Central,400/220,PGCIL,500.0,AUG-22,2022-23
Zerda S/s,State,400/200,GETCO,500.0,AUG-22,2022-23
Jetpur (Aug.),State,400/220,GETCO,185.0,AUG-22,2022-23
Bhopal T/F Replacement/Aug. of 315 MVA by 500 MVA,State,400/220,MPPTCL,185.0,AUG-22,2022-23
Bah Agra (Capacity Augmentation) (160-100),State,220/132,UPPTCL,60.0,AUG-22,2022-23
Balrampur (T/F-I),State,220/132,UPPTCL,160.0,AUG-22,2022-23
Bijnor Lunknow (T/F-I),State,220/132,UPPTCL,160.0,AUG-22,2022-23
Dulhipar Sant Kabir Nagar (New) T/F-II,State,220/132,UPPTCL,160.0,AUG-22,2022-23
Kasganj (New) T/F-II,State,220/132,UPPTCL,160.0,AUG-22,2022-23
Mallawan Hardoi ( T/F-I),State,220/132,UPPTCL,160.0,AUG-22,2022-23
Vrindawan Mathura (New) T/F-II,State,220/132,UPPTCL,160.0,AUG-22,2022-23
Jewar (T/F-I),State,220/33,UPPTCL,60.0,AUG-22,2022-23
Ambhetha (Chikhali) (Aug.),State,220/66,GETCO,110.0,AUG-22,2022-23
Sunda S/S,State,220/132,HPPTCL,200.0,AUG-22,2022-23
Khanpur (Aug.),State,220/66,GETCO,60.0,AUG-22,2022-23
Kosamba (Aug.),State,220/66,GETCO,60.0,AUG-22,2022-23
Vartej (Aug.),State,220/66,GETCO,60.0,AUG-22,2022-23
Vav (Aug.),State,220/66,GETCO,110.0,AUG-22,2022-23
Sunda (Addl. T/F),State,220/66,HPPTCL,100.0,AUG-22,2022-23
Bhawanigarh (Addl. T/F),State,220/66,PSTCL,100.0,AUG-22,2022-23
Ladhowal (Addl. T/f),State,220/66,PSTCL,160.0,AUG-22,2022-23
Majra (Addl. T/F),State,220/66,PSTCL,100.0,AUG-22,2022-23
Kangashiyali (Aug.),State,220/66,GETCO,60.0,AUG-22,2022-23
Bina (Replacement/Aug.3x40MVA by 200 MVA),State,220/132,MPPTCL,80.0,AUG-22,2022-23
Rewa Augmentation of Xmer (200-160),State,220/132,MPPTCL,40.0,AUG-22,2022-23
Gajwel (Aug.),State,220/132,TSTRANSCO,60.0,AUG-22,2022-23
Fatehgarh-II (400/220 kV 500MVA ICT-6th),Central,400/220,PGCIL,500.0,SEP-22,2022-23
Guna s/s,Central,400/220,PGCIL,1000.0,SEP-22,2022-23
Bhind s/s,Central,220/132,PGCIL,320.0,SEP-22,2022-23
Damoh (Addl T/F),State,220/132,MPPTCL,160.0,SEP-22,2022-23
Bijnor Road S/s Lucknow (T/F-II),State,220/132,UPPTCL,160.0,SEP-22,2022-23
Chandpur (Bijnor) S/s,State,220/132,UPPTCL,320.0,SEP-22,2022-23
Faridpur (Bareilly) S/s,State,220/132,UPPTCL,100.0,SEP-22,2022-23
Allipura (Addl T/F),State,220/110,KPTCL,100.0,SEP-22,2022-23
Robertsganj (Aug),State,220/132,UPPTCL,160.0,SEP-22,2022-23
Belmuri GIS,State,220/132,WBSETCL,320.0,SEP-22,2022-23
220/66kV GIS S/S at sobha dreams acres,State,220/66,KPTCL,300.0,SEP-22,2022-23
Doddaballapura (Addl T/F),State,220/66,KPTCL,100.0,SEP-22,2022-23
Malerkotla (Augmentation of 100 to 160 MVA),State,220/66,PSTCL,60.0,SEP-22,2022-23
Farrukhabad S/s (T/F-I),State,220/132,UPPTCL,160.0,SEP-22,2022-23
Bhopal (Aug. of 160 by 200 MVA ),State,220/132,MPPTCL,40.0,SEP-22,2022-23
Chhegaon Addl. T/F,State,220/132,MPPTCL,200.0,SEP-22,2022-23
Extn. at Bhadla-II PS (1500MVA ICT-3rd) at Bikaner (PG),Central,765/400,PGCIL,1500.0,OCT-22,2022-23
ICT at Hiriyur SS,Central,400/220,PGCIL,500.0,OCT-22,2022-23
Addl. 400 KV X-mer at Ashta,State,400/220,MPPTCL,315.0,OCT-22,2022-23
Kukshi 220 KV S/s Addl. 160 MVA X-mer,State,220/132,MPPTCL,160.0,OCT-22,2022-23
Ayodhya (New) T/F-II,State,220/132,UPPTCL,160.0,OCT-22,2022-23
Modipuram-II (T/F-I),State,220/132,UPPTCL,160.0,OCT-22,2022-23
Sangipur S/s Pratapgarh (T/F-I),State,220/132,UPPTCL,160.0,OCT-22,2022-23
Akiveedu SS (Addl T/F),State,220/33,APTRANSCO,50.0,OCT-22,2022-23
Malegaon (Aug),State,220/33,MSETCL,50.0,OCT-22,2022-23
Kidwainagar S/s Kanpur (T/F-I),State,220/33,UPPTCL,60.0,OCT-22,2022-23
Jetpur (Aug),State,220/66,GETCO,60.0,OCT-22,2022-23
Visavadar (Aug.),State,220/66,GETCO,50.0,OCT-22,2022-23
Dabaspet T/F-I (Aug),State,220/66,KPTCL,50.0,OCT-22,2022-23
Gerwani (Addl T/F),State,220/132,CSPTCL,160.0,OCT-22,2022-23
Timbdi (Aug.),State,220/132,GETCO,50.0,OCT-22,2022-23
Barwaha Addl. T/F,State,220/132,MPPTCL,160.0,OCT-22,2022-23
Lakadia s/s,Private,765/400,APL,3000.0,OCT-22,2022-23
Establishment of 765/400/220 KV Bhuj-II Substation (ICT-II),Central,765/400,PGCIL,1500.0,NOV-22,2022-23
Jauljivi (GIS) s/s,Central,400/220,PGCIL,630.0,NOV-22,2022-23
Erode (T/F-I),State,230/110,TANTRANSCO,100.0,NOV-22,2022-23
Amariya (T/F-II),State,220/132,UPPTCL,100.0,NOV-22,2022-23
Kurunda S/S,State,220/132/33,MSETCL,200.0,NOV-22,2022-23
Seoni Addl. T/F,State,220/132,MPPTCL,200.0,NOV-22,2022-23
Bhose (Aug),State,220/33,MSETCL,50.0,NOV-22,2022-23
Kalimela S/s (T/F-I),State,220/33,OPTCL,20.0,NOV-22,2022-23
Masudpur (Aug) (Addl T/F),State,220/33,HVPNL,100.0,NOV-22,2022-23
Pimpalgaon (ICT-II),State,220/132,MSETCL,100.0,NOV-22,2022-23
Bhinmal Aug (160-100),State,220/132,RVPNL,60.0,NOV-22,2022-23
Extension at 765/400/220kV Fatehgarh-II (400/220 kV 500MVA ICT-7th) under Phase-II Part B1,Central,400/220,PGCIL,500.0,DEC-22,2022-23
Bhachunda (T/F-III),State,400/220,GETCO,500.0,DEC-22,2022-23
Damaracherla S/S,State,400/220,TSTRANSCO,1000.0,DEC-22,2022-23
Jaunpur S/s (T/F-I),State,400/220,UPPTCL,315.0,DEC-22,2022-23
Dev Nagar GIS,State,220/33,DTL,400.0,DEC-22,2022-23
Palanpur (Aug.),State,220/66,GETCO,60.0,DEC-22,2022-23
Guna Addl. T/F,State,220/132,MPPTCL,160.0,DEC-22,2022-23
Kadur (Addl T/F),State,220/66,KPTCL,100.0,DEC-22,2022-23
Sadla (Aug.),State,220/66,GETCO,160.0,DEC-22,2022-23
220 kV GSS Laxmangarh (Addl. T/F),State,220/132,RVPNL,100.0,DEC-22,2022-23
Mallawan S/s Hardoi (T/F-II),State,220/132,UPPTCL,160.0,DEC-22,2022-23
Pawane GIS,State,220/22,MSETCL,100.0,DEC-22,2022-23
ICT at Shujalpur,Central,400/220,PGCIL,500.0,JAN-23,2022-23
Rampur (400/220 kV 2x500 MVA),Central,400/220,PGCIL,1000.0,JAN-23,2022-23
Chandigarh (GIS) Sub station,Central,220/66,PGCIL,320.0,JAN-23,2022-23
Guddigudem S/S,State,400/220/11,APTRANSCO,1080.0,JAN-23,2022-23
Suryapet (Aug.),State,400/220/132,TSTRANSCO,160.0,JAN-23,2022-23
Chandanvally ( T/F -I ),State,220/132,TSTRANSCO,100.0,JAN-23,2022-23
Rampur (Aug.) T/F-III,State,220/132,UPPTCL,100.0,JAN-23,2022-23
Chowadi GSS (220/33 kV 1 Unit ),State,220/33,JKPDD,53.0,JAN-23,2022-23
Uppalwadi Substation (1 x 50 MVA) (TF-II),State,220/33,MSETCL,50.0,JAN-23,2022-23
Shiggaon (Ganjigatti) S/S ( 2x100MVA 220/110/11kV ),State,220/110,KPTCL,100.0,JAN-23,2022-23
Jewar (New) (T/F-II),State,220/33,UPPTCL,60.0,JAN-23,2022-23
Kansari (Aug.),State,220/66,GETCO,60.0,JAN-23,2022-23
Popda (Aug.),State,220/66,GETCO,160.0,JAN-23,2022-23
Kalimela S/s (T/F- II ),State,220/33,OPTCL,20.0,JAN-23,2022-23
Thalassery (GIS) (2 100 MVA T/F),State,220/110,KSEB,200.0,JAN-23,2022-23
Niwaliphata substation (T/F Aug),State,220/132,MSETCL,100.0,JAN-23,2022-23
Bamra S/s ( T/F -I ),State,220/132,OPTCL,160.0,JAN-23,2022-23
Kuanramunda S/s ( T/F ),State,220/132,OPTCL,160.0,JAN-23,2022-23
Gajwel Sangareddy S/S,State,400/220,TSTRANSCO,185.0,FEB-23,2022-23
Veltoor Mahaboobnagar S/S,State,400/220,TSTRANSCO,185.0,FEB-23,2022-23
Shamli T/F-I,State,400/220,UPPTCL,500.0,FEB-23,2022-23
Machhlisahar (Jaunpur) T/F- I,State,220/132,UPPTCL,160.0,FEB-23,2022-23
Nighasan Lakhimpur Kheri T/F- II (Capacity Augmentation),State,220/132,UPPTCL,100.0,FEB-23,2022-23
Raja ka Talab Varanasi T/F- II (New),State,220/132,UPPTCL,160.0,FEB-23,2022-23
Piduguralla,State,220/132/33,APTRANSCO,160.0,FEB-23,2022-23
Mau (T/F T-4),State,220/33,HVPNL,100.0,FEB-23,2022-23
Mutyalacheruvu,State,220/132,APTRANSCO,100.0,FEB-23,2022-23
Pratap Vihar Ghaziabad (Hybrid) (New) T/F- III,State,220/33,UPPTCL,60.0,FEB-23,2022-23
Agiyol S/S,State,220/66,GETCO,110.0,FEB-23,2022-23
Morbi-KSY S/S,State,220/66,GETCO,60.0,FEB-23,2022-23
Sankhari S/S,State,220/66,GETCO,110.0,FEB-23,2022-23
Talangpore s/s,State,220/66,GETCO,160.0,FEB-23,2022-23
Kidwainagar (Govindnagar) Kanpur (GIS) T/F- II,State,220/33,UPPTCL,60.0,FEB-23,2022-23
Chhuri (Addl T/F),State,220/132,CSPTCL,160.0,FEB-23,2022-23
Latehar GSS (PGCIL),State,220/132,JUSNL,400.0,FEB-23,2022-23
Meerut (765/400 kV 2x1500 MVA),Central,765/400,PGCIL,3000.0,MAR-23,2022-23
Rampur (765/400 kV 2x1500 MVA),Central,765/400,PGCIL,3000.0,MAR-23,2022-23
1x500MVA 400/220kV ICT at Fatehgarh-II (under Phase II Part B1 ),Central,400/220,PGCIL,500.0,MAR-23,2022-23
Simbhavali (400/220 kV2x500 and 220/132KV2x200 MVA),Central,400/220,PGCIL,1400.0,MAR-23,2022-23
1x500MVA 400/220kV ICT (8th) at Bhadla (PG),Central,400/220,PGCIL,500.0,MAR-23,2022-23
Meerut (400/220 kV 2x500 MVA),Central,400/220,PGCIL,1000.0,MAR-23,2022-23
(MAGHALAYA) Mawngap (GIS) (Upgradation),Central,220/132,PGCONSULTANCY,320.0,MAR-23,2022-23
(MAGHALAYA) New Shillong (GIS),Central,220/132,PGCONSULTANCY,320.0,MAR-23,2022-23
(Assam) Amingaon (GIS),Central,220/132,PGCONSULTANCY,320.0,MAR-23,2022-23
(Assam) Behiating (New Dibrugarh),Central,220/132,PGCONSULTANCY,200.0,MAR-23,2022-23
(Assam) Samaguri (Aug.) (160-50) T/F-I,Central,220/132,PGCONSULTANCY,110.0,MAR-23,2022-23
(Assam) Samaguri (Aug.) (160-50) T/F-II,Central,220/132,PGCONSULTANCY,110.0,MAR-23,2022-23
BARA TPS (New) 3x500 MVA ICT-2,State,765/400,UPPTCL,1500.0,MAR-23,2022-23
Kalaburagi (Ferozabad),State,400/220,KPTCL,500.0,MAR-23,2022-23
400 kV S/s Nehtaur BijnaurT/F-III (Capacity Augmentation),State,400/132,UPPTCL,200.0,MAR-23,2022-23
Aug. at Manubolu (Nellore),State,400/220,APTRANSCO,500.0,MAR-23,2022-23
Jakkanpur (GIS) s/s (ICT-II),State,400/220,BSPTCL,500.0,MAR-23,2022-23
Naubatpur GIS (Balanced) (400/220 kV T/F-II of,State,400/220,BSPTCL,500.0,MAR-23,2022-23
Raita ( Raipur) (Addl T/F),State,400/220,CSPTCL,315.0,MAR-23,2022-23
Bhogat S/S (400/220 kV 500 MVA T/F),State,400/220,GETCO,1000.0,MAR-23,2022-23
Devanahalli Hardware Park SS (Additional 500 MVA T/F),State,400/220,KPTCL,500.0,MAR-23,2022-23
Ottapidaram (2X200),State,400/110,TANTRANSCO,400.0,MAR-23,2022-23
Choutuppal S/S,State,400/220,TSTRANSCO,500.0,MAR-23,2022-23
Ottapidaram,State,400/230,TANTRANSCO,1000.0,MAR-23,2022-23
Pulianthope (GIS),State,400/230,TANTRANSCO,945.0,MAR-23,2022-23
Hunsur (Thammadahally) Mysuru District,State,220/66,KPTCL,200.0,MAR-23,2022-23
Ramasamudra,State,220/110,KPTCL,200.0,MAR-23,2022-23
Shiggaon (Ganjigatti) (T/F II),State,220/110,KPTCL,100.0,MAR-23,2022-23
Jakkanpur (GIS) s/s (160 MVA T/F-I),State,220/132,BSPTCL,160.0,MAR-23,2022-23
220 kV Ranavav,State,220/132,GETCO,50.0,MAR-23,2022-23
Bishnah GSS Aug.(3x160-2x160),State,220/132,JKPDD,160.0,MAR-23,2022-23
220 kV GSS Goner,State,220/132,RVPNL,160.0,MAR-23,2022-23
220 KV GSS Khushkhera Aug.(160-100),State,220/132,RVPNL,60.0,MAR-23,2022-23
220 kV S/s Bhadaura Ghazipur (New) T/F- I,State,220/132,UPPTCL,100.0,MAR-23,2022-23
Khatauli S/s,State,220/132,UPPTCL,160.0,MAR-23,2022-23
Bhusaula (GIS) s/s (T/F-II),State,220/33,BSPTCL,100.0,MAR-23,2022-23
Chowadi GSS (220/33 kV 3x53.33 MVA),State,220/33,JKPDD,107.0,MAR-23,2022-23
220 KV Khanpur,State,220/66,GETCO,60.0,MAR-23,2022-23
220 kV Mota,State,220/66,GETCO,60.0,MAR-23,2022-23
Rajula (1x160 1x100),State,220/66,GETCO,260.0,MAR-23,2022-23
Channapatna S/S,State,220/66,KPTCL,100.0,MAR-23,2022-23
Indi (3rd T/F),State,220/110,KPTCL,100.0,MAR-23,2022-23
MRS Shivamogga (Additional 100MVA T/F),State,220/66,KPTCL,100.0,MAR-23,2022-23
Dhanansu SS (T/F I),State,220/66,PSTCL,100.0,MAR-23,2022-23
765/400 1x1500MVA T/F (3rd) at Bikaner(PG),Central,765/400,PGCIL,1500.0,APR-23,2023-24
Extn. at Bhadla-II PS (500MVAICT-2nd 3rd 4th and 5th ) at Bikaner (PG) Fategarh-II and Bhadla-II),Central,400/220,PGCIL,500.0,APR-23,2023-24
Aug. at Jammalamadugu,State,400/220,APTRANSCO,500.0,APR-23,2023-24
Guddigudem SS (LIS) (2x315 MVA),State,400/220/11,APTRANSCO,630.0,APR-23,2023-24
Kadapperi S/S Aug.(160-100),State,230/110,TANTRANSCO,60.0,APR-23,2023-24
Deoband (Saharanpur) S/s,State,220/132,UPPTCL,320.0,APR-23,2023-24
Farrukhabad S/s (T/F II),State,220/132,UPPTCL,160.0,APR-23,2023-24
Moth-II Jhansi T/F-I,State,220/132,UPPTCL,160.0,APR-23,2023-24
220kV Narendra S/S (Additional 1X100MVA T/F),State,220/110,KPTCL,100.0,APR-23,2023-24
2X63 MVA 220/33kV Kantabada S/s,State,220/33,OPTCL,126.0,APR-23,2023-24
Deoband Saharanpur (New) T/F,State,220/33,UPPTCL,60.0,APR-23,2023-24
Bavojipeta,State,220/33,APTRANSCO,50.0,APR-23,2023-24
Dhamra S/s (T/F -I),State,220/132,OPTCL,160.0,APR-23,2023-24
Babina S/s Jhansi (T/F II),State,220/132,UPPTCL,160.0,APR-23,2023-24
Balrampur S/s (T/F II),State,220/132,UPPTCL,160.0,APR-23,2023-24
Barahua Aug.(160-100),State,220/132,UPPTCL,60.0,APR-23,2023-24
Replacement of 1x315 MVA 400/220kV ICT (ICT- 1) at 400/220 kV Ludhiana (PG) S/s with 1x500 MVA,Central,400/220,PGCIL,185.0,MAY-23,2023-24
1x500MVA 400/220kV ICT (3rd) at Ranchi (PG) S/S,Central,400/220,PGCIL,500.0,MAY-23,2023-24
1x500MVA 400/220kB ICT(7th) at Bhadla-II SS underunder Transmission system strengthening Scheme for,Central,400/220,PGCIL,500.0,MAY-23,2023-24
Extension 765/400/220kV Bhadla-II PS (500MVA ICT- 5th)(Out of which 3 commissioned),Central,400/220,PGCIL,500.0,MAY-23,2023-24
"Replacement of 1x250 MVA 400/220 kV ICT at 765/400/220 kV Moga (PG) S/s with 1x500 MVA
400/220kV ICT",Central,400/220,PGCIL,250.0,MAY-23,2023-24
Sultanpur (Capacity Aug.) T/F-III,State,400/220,UPPTCL,315.0,MAY-23,2023-24
New Koyna (Aug) (3x105 MVA),State,400/220,MSETCL,315.0,MAY-23,2023-24
Kottayam,State,400/220,KSEB,315.0,MAY-23,2023-24
Hindupur (ICT 3rd ),State,400/220,APTRANSCO,315.0,MAY-23,2023-24
Shendra s/s (2 x 100MVA 220/132kV ICTs),State,220/132,MSETCL,200.0,MAY-23,2023-24
Pinjore s/s,State,220/66,HVPNL,100.0,MAY-23,2023-24
"220 kV S/S G-1. (Aug. of 1x100 MVA T/F with
1x160 MVA)",State,220/66,PSTCL,60.0,MAY-23,2023-24
Kidwainagar S/s Kanpur (T/F III),State,220/33,UPPTCL,60.0,MAY-23,2023-24
Charor (Additional T/F),State,220/33,HPPTCL,100.0,MAY-23,2023-24
Rukhi Syana (New) T/F-II,State,220/132,UPPTCL,160.0,MAY-23,2023-24
Bhadrekhi (Orai) (New) T/F-II,State,220/132,UPPTCL,160.0,MAY-23,2023-24
Rajgarh (D) Addl. (1x160MVA) X-mer,State,220/132,MPPTCL,160.0,MAY-23,2023-24
Nimrani Addl. T/F,State,220/132,MPPTCL,160.0,MAY-23,2023-24
Jabalpur 220 kV S/s replacement of 3x40MVA by 1x160MVA X-mer,State,220/132,MPPTCL,40.0,MAY-23,2023-24
Chichli Addl. T/F,State,220/132,MPPTCL,160.0,MAY-23,2023-24
Aug. of Mehgaon Xmer (200-160),State,220/132,MPPTCL,40.0,MAY-23,2023-24
Safidon s/s,State,220/132,HVPNL,60.0,MAY-23,2023-24
Chajjpur (Panipat) s/s,State,220/132,HVPNL,60.0,MAY-23,2023-24
Charor GIS,State,220/132,HPPTCL,100.0,MAY-23,2023-24
Gumma ( GIS S/S ),State,220/66,HPPTCL,100.0,MAY-23,2023-24
Kolshet s/s,State,220/110,MSETCL,50.0,MAY-23,2023-24
1x500 MVA 400/220 kV ICT (3rd) at Sohawal (PG),Central,400/220,PGCIL,500.0,JUN-23,2023-24
33KV features at existing 220/11KV Pattiseema LIS,State,220/33,APTRANSCO,50.0,JUN-23,2023-24
Piduguralla (Upgradation),State,220/132,APTRANSCO,160.0,JUN-23,2023-24
Gurgaon Sector-69 GIS (T/F II),State,220/33,HVPNL,100.0,JUN-23,2023-24
220 Kv Substation Salempur,State,220/66,HVPNL,160.0,JUN-23,2023-24
Indore -SZ 220 kV S/s Replacement of 3x40MVA by,State,220/132,MPPTCL,40.0,JUN-23,2023-24
Julwaniya S/s (Addl. 160MVA X-mer ),State,220/132,MPPTCL,160.0,JUN-23,2023-24
Nakodar (Aug .of 1x315 MVA T/F 1 with 1x500 MVA,State,400/220,PSTCL,185.0,JUN-23,2023-24
"220 kV S/S G-1. (Aug. of 2x100 MVA T/F with 2x160
MVA) T/F-II Aug.",State,220/66,PSTCL,60.0,JUN-23,2023-24
Devannapet LI SS (3x40 2x25 MVA),State,220/11,TSTRANSCO,170.0,JUN-23,2023-24
Modipuram-II (T/F II),State,220/132,UPPTCL,160.0,JUN-23,2023-24
1x500MVA 400/220kV ICT at Kochi SS,Central,400/220,PGCIL,500.0,2023-07-01T00:00:00.000Z,2023-24
765/400/220kV Extension at Fatehgarh-II (400/220kV 500MVA (9th )),Central,400/220,PGCIL,500.0,2023-07-01T00:00:00.000Z,2023-24
"Aug. of 1x315MVA 400/220kV ICT to 1x500MVA
400/220kV ICT at Patiala (PG) S/S",Central,400/220,PGCIL,500.0,2023-07-01T00:00:00.000Z,2023-24
Enhancement of Transformer capacity from 50MVA to 100MVA in Eachangadu 230/110KV SS,State,230/110,TANTRANSCO,50.0,2023-07-01T00:00:00.000Z,2023-24
Erode (T/F - II),State,230/110,TANTRANSCO,100.0,2023-07-01T00:00:00.000Z,2023-24
Jangalpur GIS,State,220/132,WBSETCL,320.0,2023-07-01T00:00:00.000Z,2023-24
Kushtagi (3rd T/F),State,220/110,KPTCL,100.0,2023-07-01T00:00:00.000Z,2023-24
Yerandanahalli Replacing 2x100MVA 220/66kV PT by 2x150MVA 220/66kV PT (1st T/F replacement),State,220/66,KPTCL,50.0,2023-07-01T00:00:00.000Z,2023-24
220/33KV GIS at Ulwe node,State,220/33,MSETCL,100.0,2023-07-01T00:00:00.000Z,2023-24
Raxaul (New) s/s (T/F I),State,220/132,BSPTCL,200.0,2023-07-01T00:00:00.000Z,2023-24
220 kV GSS Dholpur (160-100),State,220/132,RVPNL,60.0,2023-07-01T00:00:00.000Z,2023-24
220 kV GSS Dhorimanna (160-100),State,220/132,RVPNL,60.0,2023-07-01T00:00:00.000Z,2023-24
220 kV GSS Sridungargarh (160-100),State,220/132,RVPNL,60.0,2023-07-01T00:00:00.000Z,2023-24
1x500MVA400/230kV ICT-5 (4th) at Tuticorin under Evacuation of RE inTirunelveli and Tuticorin WEZ,Central,400/230,PGCIL,500.0,AUG-23,2023-24
400KV Veltoor Substation,State,400/220,TSTRANSCO,185.0,AUG-23,2023-24
Kottayam (T/F - II),State,400/220,KSEB,315.0,AUG-23,2023-24
Durgapur 400KV SS Tr. Aug.,State,400/220,WBSETCL,315.0,AUG-23,2023-24
Veerapuram 230 kV,State,230/110,TANTRANSCO,100.0,AUG-23,2023-24
Sira (Kallukote)s/s,State,220/66/11,KPTCL,100.0,AUG-23,2023-24
Shahabad,State,220/66,HVPNL,100.0,AUG-23,2023-24
Amargarh (Delina),State,220/132,JKPDD,160.0,AUG-23,2023-24
"Ganjbasoda 220KV S/s additional 1x160 MVA X-
mer",State,220/132,MPPTCL,160.0,AUG-23,2023-24
Itarsi 220 kV S/s replacement of 3x40MVA by 1x160MVA X-mer,State,220/132,MPPTCL,40.0,AUG-23,2023-24
220kV GSS Halasar,State,220/132,RVPNL,100.0,AUG-23,2023-24
"220/132/33 KV S/s DataganjBadaun (New) T/F- I
and II",State,220/132,UPPTCL,320.0,AUG-23,2023-24
220 kV S/s Morta Ghaziabad (New) T/F- II and III,State,220/33,UPPTCL,120.0,AUG-23,2023-24
1x 500MVA 400/220kV ICT (1st) at Fatehgarh-III (Ramgarh-II),Central,400/220,PGCIL,500.0,SEP-23,2023-24
1x500MVA 400/220kV ICT (3rd) at Bhatapara (PG),Central,400/220,PGCIL,500.0,SEP-23,2023-24
220/132 kV Transformer (3rd) at Salakati (NERSS-XI),Central,220/132,PGCIL,100.0,SEP-23,2023-24
220kV Bastara,State,220/132,HVPNL,160.0,SEP-23,2023-24
220 kV Kaithal,State,220/132,HVPNL,60.0,SEP-23,2023-24
Nagda 220 kV S/s Aug. (200-125),State,220/132,MPPTCL,75.0,SEP-23,2023-24
220 kV S/S Banga (Addl. 100 MVA T/F),State,220/132,PSTCL,100.0,SEP-23,2023-24
Udhoke (Addl. T/F),State,220/66,PSTCL,100.0,SEP-23,2023-24
220/132/33 kV S/s Mahrajganj (New) T/F- I,State,220/132,UPPTCL,160.0,SEP-23,2023-24
Kanduni Sitapur (New) T/F- I,State,220/132,UPPTCL,200.0,SEP-23,2023-24
Kirawali Agra (New) T/F- I,State,220/132,UPPTCL,100.0,SEP-23,2023-24
Anand Nagar Mahrajganj (New) T/F- I and II,State,220/132/33,UPPTCL,320.0,SEP-23,2023-24
220/33 kV S/s IITGNL (GIS) GB Nagar,State,220/33,UPPTCL,60.0,SEP-23,2023-24
Khatauli S/s (T/F-II),State,220/132,UPPTCL,160.0,SEP-23,2023-24
Warangal (New) S/S with 2X1500 MVA transformers and 2X240 MVAR bus reactors.,Private,765/400,APL,3000.0,SEP-23,2023-24
1x 500MVA 400/220kV ICT (3rd) at Fatehgarh-III (Ramgarh-II) under phase-II- Part A,Central,400/220,PGCIL,500.0,OCT-23,2023-24
1x 500MVA 400/220kV ICT (2nd) at Fatehgarh-III (Ramgarh-II) under phase-II- Part A,Central,400/220,PGCIL,500.0,OCT-23,2023-24
220KV Dhuvaran,State,220/132,GETCO,50.0,OCT-23,2023-24
220KV Karamsad,State,220/66,GETCO,110.0,OCT-23,2023-24
220 kV Raiwali,State,220/66,HVPNL,100.0,OCT-23,2023-24
220/33 Bastara s/s,State,220/33,HVPNL,100.0,OCT-23,2023-24
Srinivasapura s/s,State,220/66,KPTCL,200.0,OCT-23,2023-24
Kirnapur Addl. T/F,State,400/132,MPPTCL,100.0,OCT-23,2023-24
220kV GSS Pindwara,State,220/132,RVPNL,100.0,OCT-23,2023-24
Vellalaviduthi (2X315 ),State,400/230,TANTRANSCO,315.0,OCT-23,2023-24
Nokia 230kV (1x100 to 2x100),State,230/110,TANTRANSCO,100.0,OCT-23,2023-24
Athipattu 230kV (1x100 to 2x100),State,230/110,TANTRANSCO,100.0,OCT-23,2023-24
Karuppur,State,230/110,TANTRANSCO,100.0,OCT-23,2023-24
Kits Park 230/110 KV SS (1x80 to 1x100),State,230/110,TANTRANSCO,20.0,OCT-23,2023-24
Singapuram S/S (ICT-II),State,230/110,TANTRANSCO,100.0,OCT-23,2023-24
Thirupathur 230/110 KV (Second 100 MVA ICT),State,230/110,TANTRANSCO,100.0,OCT-23,2023-24
Rasra Ballia (New (T/F-II ),State,400/220,UPPTCL,500.0,OCT-23,2023-24
Bhadohi S/S (T/F - I),State,220/132,UPPTCL,200.0,OCT-23,2023-24
Kirawali Agra (New) T/F- II,State,220/132,UPPTCL,100.0,OCT-23,2023-24
2x500MVA (400/230 kV) Karur Pooling Station,Private,400/230,ADANI,1000.0,OCT-23,2023-24
3 x 500 MVA ICT GIS Buildings at Vikhroli,Private,400/220,ADANI,1500.0,OCT-23,2023-24
Koppal (PS),Private,400/220,RENEW,1500.0,OCT-23,2023-24
"1x 500MVA 400/220kV ICT (4th) at Fatehgarh- III (Ramgarh-II) under Transmission system strengthening scheme for evacuation of power from solar energy zones in Rajasthan (8.1 GW) under phase-II- Part A
SPV Name: POWERGRID Ramgarh Transmission Limited",Central,400/220,PGCIL,500.0,Nov-23,2023-24
1x500MVA 400/220kV ICT along with associated bays at Kurukshetra (PG) GIS SS under Augmentation of transformation capacity at 400/220 kV Kurkshetra (PG) Substation & 400/220 kV Patiala Substation,Central,400/220,PGCIL,500.0,Nov-23,2023-24
220 kV Sadla,State,220/66,GETCO,420.0,Nov-23,2023-24
220 kV Ranavav,State,220/132,GETCO,400.0,Nov-23,2023-24
220kV Bastara,State,220/132,HVPNL,60.0,Nov-23,2023-24
220 kV Sagwan,State,220/33,HVPNL,100.0,Nov-23,2023-24
"Tikamgarh 220 KV S/s,   Addl 1x160 MVA X-mer",State,220/132,MPPTCL,160.0,Nov-23,2023-24
"400kV Waluj substation
(1x50MVA, 220/33kV T/F)",State,220/33,MSETCL,50.0,Nov-23,2023-24
220/132/33kV Balimunda,State,220/132,OPTCL,160.0,Nov-23,2023-24
"Thiruchuli 230/110 kV SS
(Enhancement from 1x50 to 1x100 MVA)",State,230/110,TANTRANSCO,50.0,Nov-23,2023-24
"Sankarapuram 230/110 kV SS
(Additional Transformer from 1x100 to 2x100 MVA)",State,230/110,TANTRANSCO,100.0,Nov-23,2023-24
"Coimbatore 230/110 kV SS (Additional
Transformer from 2x100 to 3x100 MVA)",State,230/110,TANTRANSCO,100.0,Nov-23,2023-24
Choutuppal (Ist Transformer),State,"400/220/
132",TSTRANSCO,500.0,Nov-23,2023-24
"220/132 kV S/s Moth
(New) T/F",State,220/132,UPPTCL,160.0,Nov-23,2023-24
"220/33 kV S/s YEIDA SEC-18, GB Nagar
(New) T/F-I & II",State,220/33,UPPTCL,120.0,Nov-23,2023-24
"220/33 kV S/s Morta, Ghaziabad
(New) T/F-I",State,220/33,UPPTCL,60.0,Nov-23,2023-24
1X500MVA  400/220KV  ICT  (3rd)  at  Palakkad (PG)  SS  under  Augmentation  of  Transformation Capacity  in  Southern  Region,Central,400/220,PGCIL,500.0,Dec-23,2023-24
"Repl.  of  220/132KV  1X50  MVA  TO  1X160  MVA
ICT  at  Kopili  S/S  Under  North  Eastern  Region Strengthening  Scheme  -III",Central,220/132,PGCIL,100.0,Dec-23,2023-24
"1X500MVA  400/230KV  4TH  ICT  at  Tuticorin-II
GIS  S/S  Under  Evacuation  of  RE  inTirunelveli  & Tuticorin  WEZ  (TN)  500MW",Central,400/230,PGCIL,500.0,Dec-23,2023-24
220/132KV  SS  at  Pampanur  tanda,State,220/132,APTRANSCO,160.0,Dec-23,2023-24
400/220kV  SS  Hindupur,State,400/220,APTRANSCO,315.0,Dec-23,2023-24
Dumraon  (GIS)  s/s  (2nd  T/F),State,220/132,BSPTCL,160.0,Dec-23,2023-24
Raxaul  (New)  s/s  (T/F  -II),State,220/132,BSPTCL,200.0,Dec-23,2023-24
220KV  Bhat  (Augmentation  of  100  MVA  T/F  to 160  MVA),State,220/66,GETCO,60.0,Dec-23,2023-24
Puttenahalli(DG  Plant):  (Additional  3rd  T/F),State,220/66,KPTCL,150.0,Dec-23,2023-24
Bamra  SS  T/F-II,State,220/132,OPTCL,160.0,Dec-23,2023-24
220  kV  S/S  Kharar  (Aug.  of  1x100  MVA  T/F with  1x160  MVA   T/F),State,220/66,PSTCL,60.0,Dec-23,2023-24
220  kV  S/S  Dhandari  Kalan-1  (Aug.  of  1x100 MVA  T/F  with  1x160  MVA  T/F),State,220/66,PSTCL,60.0,Dec-23,2023-24
220  kV  S/S  Sahnewal   (Augmentation  of  100 MVA  220/66   to 160  MVA),State,220/66,PSTCL,60.0,Dec-23,2023-24
Ariyalur,State,765/400,TANTRANSCO,1500.0,Dec-23,2023-24
Vellalaviduthi  T/F-II,State,400/230,TANTRANSCO,315.0,Dec-23,2023-24
Suryapet,State,400/220,TSTRANSCO,500.0,Dec-23,2023-24
"220/33  kV  S/s  YEIDA  SEC-18,  GB  Nagar  (New) T/F-III",State,220/33,UPPTCL,60.0,Dec-23,2023-24
220/132  kV  S/s  Bhadohi (New)  T/F-II,State,220/132,UPPTCL,200.0,Dec-23,2023-24
Gokarna  400KV,State,400/220,WBSETCL,315.0,Dec-23,2023-24
1x1500MVA  765/400kV  ICT  (3rd)  at  Nizamabad (PG)  SS  (2x1500MVA  already  existing),Central,765/400,PGCIL,1500.0,Jan-24,2023-24
1X500MVA  400/220KV  ICT-1  at  BIKANER-II,Central,400/220,PGCIL,500.0,Jan-24,2023-24
Replacement  of  1X315MVA  400/220KV  ICT  by 1X500MVA  at  TRICHY Under  Add  Cap  Works- NLCT2_Block  2019-24,Central,400/220,PGCIL,185.0,Jan-24,2023-24
220/33kv  Purusothapatnam  (T/F-II),State,220/33,APTRANSCO,50.0,Jan-24,2023-24
220/33kv  Pattiseema  (T/F-II),State,220/33,APTRANSCO,50.0,Jan-24,2023-24
220/132/33  KV  GSS  Digha  (New)  (2x200  MVA T/F),State,220/132,BSPTCL,400.0,Jan-24,2023-24
400  kV  Vav  (Augmentation  of  100  MVA  T/F  to 160  MVA),State,220/66,GETCO,60.0,Jan-24,2023-24
"220/132  kV  GIS  Sub-Station  at  Mazra,  Distt. Chamba",State,220/132,HPPTCL,200.0,Jan-24,2023-24
"33/220  kV,  25/31.5  MVA  Power  Transformer  at 220  kV  Switchyard  of  AD  Hydro  Power  Ltd  at Prini",State,33/220,HPPTCL,32.0,Jan-24,2023-24
220kV  METL  Dadri  Toe,State,220/33,HVPNL,100.0,Jan-24,2023-24
400  kV  S/S  Dhanansu  (1x500  MVA),State,400/220,PSTCL,500.0,Jan-24,2023-24
220  kV  S/S  Talwandi  Sabo  (Addl.  100  MVA  T/F),State,220/66,PSTCL,100.0,Jan-24,2023-24
400kV  GSS  Chittorgarh,State,400/220,RVPNL,315.0,Jan-24,2023-24
Choutuppal  SS,State,220/  132,TSTRANSCO,160.0,Jan-24,2023-24
"220  kV  S/s  YEIDA SEC-24,  Gr.  Noida (New)  T/F-I",State,220/132,UPPTCL,160.0,Jan-24,2023-24
"220  kV  S/s  Sikandra,  Agra (Capacity  Augmentation)  T/F-III",State,220/33,UPPTCL,60.0,Jan-24,2023-24
"220  kV  S/s  Knowledge  Park-5,  Gr.  Noida (New)  T/F-I",State,220/132,UPPTCL,160.0,Jan-24,2023-24
"220  kV  S/s  Jalpura,  Gr.  Noida (New)  T/F-I  &  II",State,220/132,UPPTCL,320.0,Jan-24,2023-24
Mangalpur  220KV  S/S  (2X100  MVA  T/F),State,220/33,WBSETCL,200.0,Jan-24,2023-24
Newtown  AA  II  C   (2X160  MVA  T/F),State,220/132,WBSETCL,320.0,Jan-24,2023-24
Newtown  AA  II  C   (2X100  MVA  T/F),State,220/33,WBSETCL,200.0,Jan-24,2023-24
Augmentation  of  400/220  KV  Koppal  Substation with  2x500  MVA  ICTs,Private,400/220,RENEW,1000.0,Jan-24,2023-24
"765/400/220kV Extension at Fatehgarh-II
765/400kV, 1500MVA 6th ICT (Transmission system strengthening Scheme for evacuation of power from solar energy zones in Rajasthan (8.1 GW) under Phase II – Part B1)",Central,765/400,PGCIL,1500.0,Feb-24,2023-24
"Naubatpur GIS (Balanced) (   220/132 kV T/Fs of
160 MVA )",State,220/132,BSPTCL,160.0,Feb-24,2023-24
GIS Harwan,State,220/33,JKPDD,160.0,Feb-24,2023-24
"Yerandanahalli: Replacing 2x100MVA, 220/66kV PT by 2x150MVA, 220/66kV Power
Transformers",State,220/66,KPTCL,50.0,Feb-24,2023-24
220kV Boisar-II Substation(Aug.)    (1x 200-150),State,220/132,MSETCL,50.0,Feb-24,2023-24
"220/33kV Khed City   substation (2x50 MVA, 220/33kV T/Fs)",State,220/33,MSETCL,100.0,Feb-24,2023-24
400kV Babhaleshwar Substation (3x167),State,400/220/33,MSETCL,500.0,Feb-24,2023-24
"North Chennai Pooling Station   (NCPS)   765/400
kV GIS SS (3x1500MVA)",State,765/400,TANTRANSCO,4500.0,Feb-24,2023-24
Vyasarpadi 230kV SS (2x100 to 3x100),State,230/110,TANTRANSCO,100.0,Feb-24,2023-24
Choutuppal SS (160 MVA T/F-II),State,220/ 132,TSTRANSCO,160.0,Feb-24,2023-24
Dichpally   (3x315 MVA to 3x315 +1x500),State,400/220,TSTRANSCO,500.0,Feb-24,2023-24
"400 kV S/s Panki, Kanpur (Capacity
Augmentation) (500-315) ICT-I",State,400/220,UPPTCL,185.0,Feb-24,2023-24
"220 kV S/s Khorabar, Gorakhpur (New) T/F-I",State,220/33,UPPTCL,60.0,Feb-24,2023-24
"220 kV S/s Mahoba (Capacity Augmentation)
(160-100) T/F-I",State,220/33,UPPTCL,60.0,Feb-24,2023-24
"Sahupuri, Chandauli (New) T/F-II",State,400/220,UPPTCL,500.0,Feb-24,2023-24
Establishment of 3X1500 MVA 765/400   kV Khavda (GIS) with 1X330 MVAR 765   kV   bus reactor and 1X125 MVAR 420   kV   bus reactor,Private,765/400,ADANI,4500.0,Feb-24,2023-24
Pachora Substation (3x500 MVA T/F),Private,400/220,G R INFRA,1500.0,Feb-24,2023-24
"1X500MVA  400/220KV  ICT-2  at  BIKANER-II
(Implementation  of  220  kV  bays  for  RE generators  and  400/220kV  ICTs  at  Bikaner  II PS)",Central,400/220,PGCIL,500.0,Mar-24,2023-24
"2X500MVA  400/220KV  ICT-1  &  2  at
Mohanlalganj
(MOHANLALGANJ  TRANSMISSION  LIMITED)
:INTRASTATE  Project  (UP)",Central,400/220,PGCIL,1000.0,Mar-24,2023-24
"2X200MVA  220/132KV  ICT-1  &  2  at
Mohanlalganj
(MOHANLALGANJ  TRANSMISSION  LIMITED)
:INTRASTATE  Project  (UP)",Central,220/132,PGCIL,400.0,Mar-24,2023-24
1x500MVA  400/220kV  ICT  (3rd)  at  Kolar  (PG) SS  under  Augmentation  of  Transformation Capacity  in  Southern  Region,Central,400/220,PGCIL,500.0,Mar-24,2023-24
"1x500MVA,  400/230kV  ICT  (4th)  at  Hosur  SS under  Augmentation  of  Transformation  capacity by  1x500MVA,  400/230kV  ICT  (4th)  and common  facility  works  at  Hosur  SS",Central,400/230,PGCIL,500.0,Mar-24,2023-24
"2x500  MVA,  400/220  kV  ICT  1&  2  at  Neemuch under  Transmission  system  for  evacuation  of power  from  Neemuch  Solar  Park  (1000  MW): SPV  Name:POWERGRID  Neemuch  Transmission System  Limited",Central,400/220,PGCIL,1000.0,Mar-24,2023-24
"1X500MVA,  400/220kV  ICT  (6th)  at  Pavagada under  Augmentation  of  Transformation  capacity by  1X500MVA,  400/220kV  ICT  (6th)  and
common  facility  works  at  Pavagada  (Tumkur)  PS",Central,400/220,PGCIL,500.0,Mar-24,2023-24
"1x500MVA  400/220kV  ICT  (3rd)  ICT  at  Raigarh under  Augmentation  of  transformation  capacity by  1x500MVA  400/220kV  ICT  (3rd)  ICT  at
Raigarh  PG",Central,400/220,PGCIL,500.0,Mar-24,2023-24
"1X500MVA  400/220KV  ICT  (8TH)  at  765/400KV
Bhadla-II  PS  under  Transmission  system strengthening  Scheme  for  evacuation  of  power from  solar  energy  zones  in  Rajasthan  (8.1  GW) under  Phase  II  –  Part  B1",Central,400/220,PGCIL,500.0,Mar-24,2023-24
220  KV  S/s  Saraipali,State,220/132,CSPTCL,160.0,Mar-24,2023-24
220kV  Giyavad,State,220/66,GETCO,320.0,Mar-24,2023-24
220kV  Kamlapur  Panchvada  (Jasdan),State,220/66,GETCO,320.0,Mar-24,2023-24
220kV  Mera  (Mithi  Paldi)  (Upgradation-66kV),State,220/66,GETCO,160.0,Mar-24,2023-24
220kV  Metoda  (Upgradation-66kV  metoda-iii),State,220/66,GETCO,320.0,Mar-24,2023-24
220kV  Sevaliya  (Upgradation-66kV),State,220/66,GETCO,320.0,Mar-24,2023-24
400KV  Kasor  (3X315+1X500  -  3X315),State,400/220,GETCO,500.0,Mar-24,2023-24
220KV  Chhatral  (3x100+1X160  -  4X100),State,220/66,GETCO,60.0,Mar-24,2023-24
220kV  Palwal,State,220/66,HVPNL,60.0,Mar-24,2023-24
"220KV  GIS  HSIIDC  Rai,  Sonepat",State,220/132,HVPNL,160.0,Mar-24,2023-24
220  KV  Dadhibana,State,220/33,HVPNL,100.0,Mar-24,2023-24
220/33  kV  Haripora  (Tailbal)  (GIS)  Grid  S/S (earlier  Batpora)  (PMDP-  Kashmir),State,220/33,JKPDD,160.0,Mar-24,2023-24
Kalaburagi  (Ferozabad)  S/s  (T/F  -  II),State,400/220,KPTCL,500.0,Mar-24,2023-24
"Ghanagapura:
Establishing  2X100MVA,  220/110kV  sub- station.",State,220/110,KPTCL,200.0,Mar-24,2023-24
"Ashta  400KV  S/s,  Addl.  1x160  MVA  X-mer",State,220/132,MPPTCL,160.0,Mar-24,2023-24
"Mugaliyachhap  220  KV  S/s,  Addl.  1x160MVA  X- mer",State,220/132,MPPTCL,160.0,Mar-24,2023-24
Manpur  (Bijouri)  220/33kV  substation  (TBCB),State,220/33,MPPTCL,100.0,Mar-24,2023-24
"400kV  Kharghar   substation (1  X  50MVA,  220/33kV  T/F)",State,220/33,MSETCL,50.0,Mar-24,2023-24
"220kV  Pandharpur  substation
1  X  (200-100)  MVA   220/132kV  ICT",State,220/132,MSETCL,100.0,Mar-24,2023-24
Up-gradation  of  existing  132  kV  Pandharkawda substation  to 220  kV  level,State,220/132,MSETCL,100.0,Mar-24,2023-24
"220kV  Nanded  City  substation (1x50MVA,   220/22kV  T/F)",State,220/22,MSETCL,50.0,Mar-24,2023-24
"Creation  of  110  kV  Level  at  220  kV  Peth  S/s  (1x 100MVA,  220/110kV  ICT)",State,220/110,MSETCL,100.0,Mar-24,2023-24
220kV  GSS  Reodar  (Distt.  Sirohi),State,220/132,RRVPNL,160.0,Mar-24,2023-24
220kV  GSS  Chaksu  (Additional  100  MVA  T/F),State,220/132,RRVPNL,100.0,Mar-24,2023-24
Ammavaripet  T/F-I,State,220/132,TSTRANSCO,100.0,Mar-24,2023-24
New  Chanditola  400KV,State,400/220,WBSETCL,315.0,Mar-24,2023-24
"Establishment  of  2x500MVA,  400/220kV  near Kallam  PS",Private,400/220,INDIGRID,1000.0,Mar-24,2023-24
Vellalaviduthi (T/F-I) (400/110 (2X200 MVA),State,400/110,TANTRANSCO,200.0,Apr-24,2024-25
Kamalapuram Substation (3rd ICT),State,400/220,TSTRANSCO,315.0,Apr-24,2024-25
400 kV S/s Unnao Capacity Aug. (500-315),State,400/220,UPPTCL,185.0,Apr-24,2024-25
220/132 kV SS Madanapalli in Chittoor Dist. (3X100-2X100),State,220/132,APTRANSCO,100.0,Apr-24,2024-25
Jakkanpur (GIS) s/s (160 MVA T/F-II),State,220/132,BSPTCL,160.0,Apr-24,2024-25
GIS Timarpur (100 MVA T/F),State,220/33,DTL,100.0,Apr-24,2024-25
220kV I.A. Hisar (160-100),State,220/132,HVPNL,60.0,Apr-24,2024-25
220KV Chormar (100 MVA T/F),State,220/132,HVPNL,100.0,Apr-24,2024-25
220 kV S/S Bhari (Addl. 100 MVA 220/66 kV PT/f),State,220/66,PSTCL,100.0,Apr-24,2024-25
220 kV S/S Botianwala (Addl. 100 MVA 220/66 kV PT/f),State,220/66,PSTCL,100.0,Apr-24,2024-25
220 kV S/s Sangipur (New) 160 MVA T/F-II,State,220/132,UPPTCL,160.0,Apr-24,2024-25
220 kV S/s Kanpur South (Capacity Augmentation 60 MVA T/F-III),State,220/33,UPPTCL,60.0,Apr-24,2024-25
220 kV S/s Sirathu (Capacity Aug. 160 MVA T/F-III),State,220/132,UPPTCL,160.0,Apr-24,2024-25
220 kV S/s Khurja (Capacity Augmentation 160 MVA T/F-III),State,220/132,UPPTCL,160.0,Apr-24,2024-25
"1X500 MVA 400/220KV ICT-1 at Bikaner-II PS
(Phase-IV (Part 1) Bikaner Complex- PART E",Central,400/220,PGCIL,500.0,MAY-24,2024-25
Sriperumbudhur 400/230-110 kV SS- capacity enhancement from 3x315 MVA to 3x315MVA+ 1x500MVA,State,400/230,TANTRANSCO,500.0,MAY-24,2024-25
400 kV S/s Machhalishahar Jaunpur (New) T/F-III,State,400/220,UPPTCL,315.0,MAY-24,2024-25
Thiruvalam 400/230 KV SS- Capacity enhancement from 2x315 to 2x315 + 1x500 MVA,State,400/230,TANTRANSCO,500.0,MAY-24,2024-25
Bairagarh (Bhopal) 220 KV S/s Addl. 1x160MVA X-mer,State,220/132,MPPTCL,160.0,MAY-24,2024-25
HSIIDC Rai Sonepat 220/33 kV T/F-I,State,220/33,HVPNL,100.0,MAY-24,2024-25
220kV Jambhul (Additional T/F),State,220/22,MSETCL,50.0,MAY-24,2024-25
HSIIDC Rai Sonepat 220/132 kV T/F-II,State,220/132,HVPNL,160.0,MAY-24,2024-25
220 kV S/s Bhadaura Ghazipur (New) T/F-II,State,220/132,UPPTCL,100.0,MAY-24,2024-25
220 kV S/s Mainpuri (Capacity Augmentation) T/F-III (160-100),State,220/132,UPPTCL,60.0,MAY-24,2024-25
220 kV S/s Khorabar Gorakhpur (New) T/F-II,State,220/33,UPPTCL,60.0,MAY-24,2024-25
220kV GSS Bap (Additional T/F),State,220/132,RVPNL,160.0,MAY-24,2024-25
Sonta ss (160-100 MVA),State,220/66,HVPNL,60.0,MAY-24,2024-25
220 kV S/S Banur (Aug. of 1x100 MVA T/F with 1x160 MVA T/F),State,220/66,PSTCL,60.0,MAY-24,2024-25
"Addl 100 MVA 220/66 KV T/F at 220 KV S/S
Naraingarh (N-1)",State,220/66,PSTCL,100.0,MAY-24,2024-25
220KV SS Pallantla in West Godavari Dist. (2 x100-1x100),State,220/132,APTRANSCO,100.0,MAY-24,2024-25
220 kV S/s Maharajganj (New) T/F-II,State,220/132,UPPTCL,160.0,MAY-24,2024-25
"Addl 100 MVA 220/66 KV T/F at 220 KV S/S
Badhshahpur",State,220/66,PSTCL,100.0,MAY-24,2024-25
220/33 KV GSS Balichandrapur Palei,State,220/33,OPTCL,20.0,MAY-24,2024-25
Jakkanpur (GIS) s/s (160 MVA T/F-III),State,220/132,BSPTCL,160.0,MAY-24,2024-25
220 kV S/s Jahangirabad Bulandshahr (Capacity Augmentation) T/F-III,State,220/132,UPPTCL,160.0,MAY-24,2024-25
220kV Chalisgaon Substation(1x200 MVA Additional T/F),State,220/132,MSETCL,200.0,MAY-24,2024-25
"Aug. of 100MVA 220/66kV T/F to 160MVA
220/66kV T/F at 220kV S/Stn Bajakhana",State,220/66,PSTCL,60.0,MAY-24,2024-25
220 kV S/s Hata Kushinagar (Capacity Augmentation) (160-100),State,220/132,UPPTCL,60.0,MAY-24,2024-25
Penukonda (Gorantla) (GEC-I),State,220/132,APTRANSCO,160.0,MAY-24,2024-25
220/132/33 kV AIS at Andheri (Kala Amb) District Sirmaur H.P.,State,220/132,HPPTCL,200.0,MAY-24,2024-25
1x1500MVA ICT at Padghe (GIS) Trans. Network Expansion in Gujarat to increase ATC from ISTS Part B,Central,765/400,PGCIL,1500.0,June-24,2024-25
"1X500MVA ICT(4TH) at ARASUR s/s (Aug. of T/F
Capacity by 500 MVA ICT(4th) at Arasur)",Central,400/230,PGCIL,500.0,June-24,2024-25
Shifting of ICT from Ludiana to Bhinmal(PG) SS (Aug. of T/F capacity at Bhinmal (PG) SS by ICT 3rd),Central,400/220,PGCIL,315.0,June-24,2024-25
Alamathy 400/230-110 kV SS (enhancement of capacity at from 2x200 MVA to 3x200 MVA,State,400/110,TANTRANSCO,200.0,June-24,2024-25
400 kV S/s Motiram Adda Gorakhpur Capacity Aug. (500-240) T/F-II,State,400/220,UPPTCL,260.0,June-24,2024-25
Karuppur (T/F- II),State,230/110,TANTRANSCO,100.0,June-24,2024-25
Siruseri 230 KV SS (enhancement of capacity from 2x100MVA to 3x100MVA),State,230/110,TANTRANSCO,100.0,June-24,2024-25
Krishnagiri S/s (T/F-II),State,220/33,APTRANSCO,50.0,June-24,2024-25
220kV SS Kuppam in Chittoor District (3x100- 2x100),State,220/132,APTRANSCO,100.0,June-24,2024-25
Patan (Upgradation of existing 132/33 KV S/s by 220/132 KV S/s ),State,220/132,CSPTCL,320.0,June-24,2024-25
220/132/33kV Ajaygarh S/s (TBCB),State,220/132,MPPTCL,320.0,June-24,2024-25
220/33kV New Timber Market GIS (Panvel -II )(50 MVA T/F),State,220/33,MSETCL,50.0,June-24,2024-25
Aug 100 to 160 MVA at 220 KV S/S Kartarpur,State,220/66,PSTCL,60.0,June-24,2024-25
220 kV S/s Knowledge Park-5 Gr. Noida GB Nagar (New) T/F-II,State,220/132,UPPTCL,160.0,June-24,2024-25
1X1500 MVA 765/400 KV (5th) ICT at Fatehgarh-II PS (Rajasthan (8.1 GW) under Phase II- Part- A1),Central,765/400,PGCIL,1500.0,July-24,2024-25
"1X500 MVA, 400/220 kV ICT-2 at Bikaner-II PS
(Phase-IV (Part 1) Bikaner Complex- PART E)",Central,400/220,PGCIL,500.0,July-24,2024-25
Kayathar 400/230-110 KV SS,State,400/110,TANTRANSCO,200.0,July-24,2024-25
Selvapuram 230/110 kV SS (T/F-I),State,230/110,TANTRANSCO,100.0,July-24,2024-25
220 kV SS AP Carbides in Kurnool District (3x160+1x100 - 2x160 +1x100),State,220/132,APTRANSCO,160.0,July-24,2024-25
220kV GIS Substation at Timarpur (100 MVA T/F-II),State,220/33,DTL,100.0,July-24,2024-25
220 kV Talangpor,State,220/66,GETCO,60.0,July-24,2024-25
"HSIIDC Rai Sonepat (220/33 kV 100 MVA T/F-II)
(charged on 02-05-2024 however late reported by HVPNL)",State,220/33,HVPNL,100.0,July-24,2024-25
Construction of Begamganj SS (TBCB) (charged on 24-04-2024 however late reported by MPPTCL),State,220/132,MPPTCL,320.0,July-24,2024-25
220kV Walchandnagar substation (replacement of 100 MVA by 200 MVA T/F),State,220/132,MSETCL,100.0,July-24,2024-25
220/132/33KV Turmunga GSS (1st 160 MVA Auto Transformer),State,220/132,OPTCL,160.0,July-24,2024-25
220/132/33kV Kuarnmunda GSS (2nd 160 MVA Auto transformer),State,220/132,OPTCL,160.0,July-24,2024-25
220 kV S/S Gurdaspur (1x100 MVA) (Upgraded from 132 KV to 220 KV),State,220/66,PSTCL,100.0,July-24,2024-25
Aug. of 100 MVA T/F to 160 MVA T/F at 220 kV SS Mandi Gobindgarh G-3,State,220/66,PSTCL,60.0,July-24,2024-25
220 kV GSS Khinvsar (replacement of 100 MVA T/F with 160 MVA T/F),State,220/132,RVPNL,60.0,July-24,2024-25
220 kV S/s Darshan Nagar Ayodhya (New) T/F-I,State,220/132,UPPTCL,160.0,July-24,2024-25
220 kV S/s Kanduni Sitapur (New) T/F-II,State,220/132,UPPTCL,200.0,July-24,2024-25
220 kV S/s Metro Depot Gr. Noida GB Nagar (New) T/F-I and T/F-II,State,220/132,UPPTCL,320.0,July-24,2024-25
220KV GIS Infrastructure at MTPS,Central,400/220,DVC,315.0,Aug-24,2024-25
1x500 MVA 400/220 kV ICT 3rd at Bikaner PS to Cater N-1 Contigency at Bikaner PS (Rajasthan),Central,400/220,PGCIL,500.0,Aug-24,2024-25
1X500 MVA 400/220 kV (2nd) ICT at Shikrapur (PG) GIS under Western Region Expansion Scheme-XXVI,Central,400/220,PGCIL,500.0,Aug-24,2024-25
"1X200 MVA 220/132 kV (4th) ICT at Ara
POWERGRID S/S under ER Expansion Scheme- XXXVI (ERES-XXXVI)",Central,220/132,PGCIL,200.0,Aug-24,2024-25
400 kV S/S Ropar (1x500 MVA ) 2nd T/F,State,400/220,PSTCL,500.0,Aug-24,2024-25
400 kV S/S Ropar (1x500 MVA ) 1st T/F,State,400/220,PSTCL,500.0,Aug-24,2024-25
Karaikudi 230/110 kV SS (50 MVA to 100MVA enhancement),State,230/110,TANTRANSCO,50.0,Aug-24,2024-25
220 kV Besan,State,220/66,GETCO,320.0,Aug-24,2024-25
220kV Samain,State,220/33,HVPNL,100.0,Aug-24,2024-25
220 kV Nalasopara substation (additional 100 MVA T/F),State,220/22,MSETCL,100.0,Aug-24,2024-25
220 kV Tembhurni substation (replacement of 25 MVA by 100 MVA T/F),State,220/33,MSETCL,25.0,Aug-24,2024-25
220 kV GSS Heerapura (replacement of 100 MVA T/F with 160 MVA),State,220/132,RVPNL,60.0,Aug-24,2024-25
220 kV S/s Pahadi Chitrakoot (Capacity Augmentation),State,220/132,UPPTCL,160.0,Aug-24,2024-25
Food Park (T/F-I) 220 KV GIS,State,220/132,WBSETCL,160.0,Aug-24,2024-25
Food Park (T/F-II) 220 KV GIS,State,220/132,WBSETCL,160.0,Aug-24,2024-25
"1X1500 MVA 765/400 kV ICT (4th) at 765/400 kV
Bhadla-II PS under (Phase -II Part -BI)",Central,765/400,PGCIL,1500.0,Sep-24,2024-25
"1X500 MVA, 400/220 kV (1st) ICT at Shikrapur (PG) GIS under Western Region Expansion Scheme-XXVI",Central,400/220,PGCIL,500.0,Sep-24,2024-25
"1X500 MVA, 400/220 kV (1st) ICT at Raipur Pool S/s ( WRES XXVIII (Project: WRES-XXVIII & WRES-
XXIX)",Central,400/220,PGCIL,500.0,Sep-24,2024-25
"1X500 MVA, 400/220 kV (2nd) ICT at Raipur Pool S/s (WRES XXVIII (Project: WRES-XXVIII & WRES-
XXIX)",Central,400/220,PGCIL,500.0,Sep-24,2024-25
"1X500 MVA, 400/220 kV (4th) ICT at Mysore under
Aug. of transformation capacity at Mysore",Central,400/220,PGCIL,500.0,Sep-24,2024-25
"1x500 MVA ICT (3rd ) at 400/220 kV Bahadurgarh
(PG) S/s under Aug. of ISTS of HVPNL TS",Central,400/220,PGCIL,500.0,Sep-24,2024-25
Aug. by 1x500 MVA 400/220 kV ICT (3rd )at 400/220 kV Jind (PG) S/s under Aug. of ISTS for HVPNL TS,Central,400/220,PGCIL,500.0,Sep-24,2024-25
"220 kV GIS Transport Hub, Sector-8 IMT Manesar",State,220/66,HVPNL,100.0,Sep-24,2024-25
Keonics (Electronic City): 2x150 MVA ICT,State,220/66,KPTCL,300.0,Sep-24,2024-25
"220 kV Jeur (Replacement of 100 MVA T/F with 200
MVA T/F)",State,220/132,MSETCL,100.0,Sep-24,2024-25
220/33 kV Shendra GIS (DMIC)(2X50 MVA T/F),State,220/33,MSETCL,100.0,Sep-24,2024-25
220 kV Sandhwan S/s,State,220/66,PSTCL,100.0,Sep-24,2024-25
"220 kV GSS Nimbahera (replacement of existing 100
MVA T/F with 160 MVA T/F)",State,220/132,RVPNL,60.0,Sep-24,2024-25
220 kV S/s Debai Bulandshaher (Capacity,State,220/132,UPPTCL,160.0,Sep-24,2024-25
"Gadag PS (Trans Scheme for Solar Energy Zone in
Gadag (1000 MW) Karnataka Part-A Phase-I)",Private,400/220,RENEW,1000.0,Sep-24,2024-25
"Vapi -II (Western Region Strengthening Scheme-XIX
(WRSS-XIX and NERSS - IX)",Private,400/220,STERLITE,1000.0,Sep-24,2024-25
"1x1500 MVA 765/400kV ICT-1 at Sikar-II s/s
(Rajasthan (8.1 GW) under phase-II- Part C)",Central,765/400,PGCIL,1500.0,Oct-24,2024-25
"1X1500MVA 765/400 KV ICT-3rd at Raigarh Kotra
Section-A)",Central,765/400,PGCIL,1500.0,Oct-24,2024-25
"1x1500 MVA 765/400kV ICT-2 at Sikar-II s/s
(Rajasthan (8.1 GW) under phase-II- Part C)",Central,765/400,PGCIL,1500.0,Oct-24,2024-25
"1X500MVA ICT-1 at Banka S/S along with Extn. of 400KV AIS Switch. and creation of 220KV GIS at
Banka",Central,400/220,PGCIL,500.0,Oct-24,2024-25
"1X500MVA ICT-2 at Banka S/S along with Extn. of 400KV AIS Switch. and creation of 220KV GIS at
Banka",Central,400/220,PGCIL,500.0,Oct-24,2024-25
New Chanditala (4th ICT),State,400/220,WBSETCL,315.0,Oct-24,2024-25
Bhimadole Aug. (100 to 160MVA),State,220/132,APTRANSCO,60.0,Oct-24,2024-25
Sawai Madhopur (100 to 160 MVA),State,220/132,RVPNL,60.0,Oct-24,2024-25
Bharatpur (100 to 160 MVA),State,220/132,RVPNL,60.0,Oct-24,2024-25
Banar GIS (Distt. Jodhpur),State,220/132,RVPNL,200.0,Oct-24,2024-25
220 kV GIS S/s Badaun Road Bareilly (New) GIS,State,220/33,UPPTCL,60.0,Oct-24,2024-25
Xeldem New SS (GTTPL - TBCB),Private,400/220,STERLITE,1000.0,Oct-24,2024-25
Nangalbibra 220/132 kV (2x160MVA),Private,220/132,STERLITE,320.0,Oct-24,2024-25
Banaskantha SS (Transmission network expansion in Gujarat to increase its ATC from ISTS Part C),Central,765/400,PGCIL,1500.0,Nov-24,2024-25
220 kV GIS Infrastructure at RTPS,Central,400/220,DVC,630.0,Nov-24,2024-25
"1X500 MVA 400/220 kV ICT-3 at Bikaner II PS
(Phase-IV (Part 1) Bikaner Complex- PART E)",Central,400/220,PGCIL,500.0,Nov-24,2024-25
Bhopal 400 kV SS (replacement of 315 MVA by 500 MVA T/F),State,400/220,MPPTCL,185.0,Nov-24,2024-25
400 kV S/S Nakodar,State,400/220,PSTCL,500.0,Nov-24,2024-25
Vellalaviduthi (400/110 kV T/F-II),State,400/110,TANTRANSCO,200.0,Nov-24,2024-25
Sriperumbudur 400/230 kV SS (enhancement from 3x315+1x500 MVA to 2x315+2x500 MVA),State,400/230,TANTRANSCO,185.0,Nov-24,2024-25
Mondipatty SS (replacement of 80 MVA T/F with 100 MVA),State,230/110,TANTRANSCO,20.0,Nov-24,2024-25
220 kV SS Nansuralla in Kurnool District (Additional 50 MVA T/F),State,220/33,APTRANSCO,50.0,Nov-24,2024-25
Bethamcherla in Kurnool District (GEC-I),State,220/132,APTRANSCO,160.0,Nov-24,2024-25
"Parchanpal (Jagdalpur) SS (late reported, commissioned in October-2024)",State,220/132,CSPTCL,160.0,Nov-24,2024-25
220 kV Jambuva (Augmentation from 260 MVA to 420MVA),State,220/66,GETCO,160.0,Nov-24,2024-25
"220 kV Suva (late reported, commissioned in October-2024)",State,220/66,GETCO,160.0,Nov-24,2024-25
Augmentation at 220 kV Masudpur SS,State,220/132,HVPNL,100.0,Nov-24,2024-25
Somasamudra SS (2X100 MVA T/F),State,220/110,KPTCL,200.0,Nov-24,2024-25
Nagda 220 kV SS (replacement of 160 MVA by 200 MVA T/F),State,220/132,MPPTCL,40.0,Nov-24,2024-25
220/33 kV New Timber Market GIS (Panvel -II ),State,220/33,MSETCL,50.0,Nov-24,2024-25
"220 kV SS Sandhaur (late reported, commissioned in October-2024)",State,220/66,PSTCL,100.0,Nov-24,2024-25
Addl. 100 MVA 220/66 kV T/F at 220 kV Badni Kalan SS,State,220/66,PSTCL,100.0,Nov-24,2024-25
"220 kV SS Civil line Amritsar (late reported, commissioned in October-2024)",State,220/132,PSTCL,100.0,Nov-24,2024-25
220 kV GSS Balotra (replacement of 100 MVA T/F with 160 MVA T/F),State,220/132,RVPNL,60.0,Nov-24,2024-25
220 kV GIS SS Badaun Road Bareilly (T/F-II),State,220/33,UPPTCL,60.0,Nov-24,2024-25
AB Zone 220 KV GIS (upgraded to 220 kV from 132 kV),State,220/132,WBSETCL,320.0,Nov-24,2024-25
"1X500 MVA, (3rd) ICT at Raipur Pool S/s (WRES XXVIII {Project name: WRES-XXVIII & WRES-XXIX)",Central,400/220,PGCIL,500.0,Dec-24,2024-25
"1X500 MVA, ICT-1 at Dharamjaigarh S/s (WRES XXIX {Project name: WRES-XXVIII & WRES-XXIX)",Central,400/220,PGCIL,500.0,Dec-24,2024-25
"1X500 MVA 400/220kV ICT-4 at Bikaner-II PS
(Phase-IV (Part 1) Bikaner Complex- PART E)",Central,400/220,PGCIL,500.0,Dec-24,2024-25
Ariyalur (1500 MVA ICT-II),State,765/400,TANTRANSCO,1500.0,Dec-24,2024-25
Jammalamadugu SS in Kadapa Dist,State,400/220,APTRANSCO,500.0,Dec-24,2024-25
Latehar SS (2X315 MVA T/F),State,400/220,JUSNL,630.0,Dec-24,2024-25
400 kV Khadka S/s (3x105 MVA ICT),State,400/220/33,MSETCL,315.0,Dec-24,2024-25
400 kV GSS Pachpadra,State,400/220,RVPNL,500.0,Dec-24,2024-25
Punganur SS in Chittoor Dist. (T/F-I),State,220/132,APTRANSCO,100.0,Dec-24,2024-25
220 kV Chandrapura (Aug. from 360 to 470 MVA),State,220/66,GETCO,110.0,Dec-24,2024-25
220 kV Jamla (Aug. from 410 MVA to 520 MVA),State,220/66,GETCO,110.0,Dec-24,2024-25
Mera (Mithi Paldi) (T/F-II) (late reported commissioned in Nov-2024),State,220/66,GETCO,160.0,Dec-24,2024-25
220/66 kV Heiling Sub-Station,State,220/66,HPPTCL,100.0,Dec-24,2024-25
220 kV Rangala Rajpur (additional 100 MVA),State,220/66,HVPNL,100.0,Dec-24,2024-25
220 kV Fatehabad (augmentation from 100 to 160 MVA),State,220/132,HVPNL,60.0,Dec-24,2024-25
220 kV Rohtak (augmentation from 100 to 160 MVA),State,220/132,HVPNL,60.0,Dec-24,2024-25
GIS Sector-15 II Gurugram (T/F-I),State,220/66,HVPNL,160.0,Dec-24,2024-25
Lohardaga GSS,State,220/132,JUSNL,300.0,Dec-24,2024-25
Construction of 220/132 kV substation at Bargawan (TBCB) (late reported commissioned in Sept-2024),State,220/132,MPPTCL,320.0,Dec-24,2024-25
220 kV Vairag S/s (replacement of 2X25 MVA by 2X50 MVA T/F),State,220/33,MSETCL,50.0,Dec-24,2024-25
220 kV Bhigwan S/s (replacement of 25 MVA by 50 MVA T/F),State,220/33,MSETCL,25.0,Dec-24,2024-25
Balichandarpur Palei GSS (T/F-II),State,220/33,OPTCL,40.0,Dec-24,2024-25
220 kV Rajpura SS (Aug. of 100 MVA by 160 MVA),State,220/66,PSTCL,60.0,Dec-24,2024-25
220 kV Gurdaspur SS (T/F-II),State,220/66,PSTCL,100.0,Dec-24,2024-25
220 kV Jhunjhunu GSS (replacement of 100 MVA T/F by 160 MVA),State,220/132,RVPNL,60.0,Dec-24,2024-25
Sirsaganj Firozabad S/s (Capacity Augmentation),State,220/132,UPPTCL,160.0,Dec-24,2024-25
Augmentation of transformation capacity 1X500 MVA ICT (3rd ) at patran (GIS) S/s (RTM),Private,400/220,INDIGRID,500.0,Dec-24,2024-25
"1X500 MVA, 400/220 kV ICT-2 at Dharamjaigarh S/s under WRES XXIX",Central,400/220,PGCIL,500.0,Jan-25,2024-25
400 kV GSS Hindaun (Augmentation),State,400/220,RVPNL,500.0,Jan-25,2024-25
"Asupaka LI Substation T/F-II (late reported, commissioned in Oct-2024)",State,400/220,TSTRANSCO,315.0,Jan-25,2024-25
"400 kV S/s Sector-123 Noida, GB Nagar (T/F-III)",State,400/220,UPPTCL,200.0,Jan-25,2024-25
"400 kV S/s Sahupuri, Chandauli T/F-I",State,400/220,UPPTCL,500.0,Jan-25,2024-25
Kumbakonam SS (Additional 100 MVA),State,230/110,TANTRANSCO,100.0,Jan-25,2024-25
Tiruppur 230/110 kV SS (Enhancement from 100 MVA to 160 MVA),State,230/110,TANTRANSCO,60.0,Jan-25,2024-25
Selvapuram T/F-II,State,230/110,TANTRANSCO,100.0,Jan-25,2024-25
Kadapperi 230/110 kV SS (Enhancement from 100 MVA to 160 MVA),State,230/110,TANTRANSCO,60.0,Jan-25,2024-25
220 kV Anjar (Augmentation from 300 MVA to 360 MVA),State,220/66,GETCO,60.0,Jan-25,2024-25
220 kV Ichhapore (Augmentation from 410 MVA to 520 MVA),State,220/66,GETCO,110.0,Jan-25,2024-25
400 kV Vav (Augmentation from 660 MVA to 720 MVA),State,220/66,GETCO,60.0,Jan-25,2024-25
400 kV Nawada,State,220/33,HVPNL,100.0,Jan-25,2024-25
220 kV Sampla,State,220/132,HVPNL,100.0,Jan-25,2024-25
220 kV Mehna Khera,State,220/33,HVPNL,100.0,Jan-25,2024-25
Nepanagar 220 kV S/s (agumentation of 160 MVA by 200 MVA X-mer),State,220/132,MPPTCL,40.0,Jan-25,2024-25
Indore II (Jaitpura) 220 kV S/s (additional T/F),State,220/132,MPPTCL,160.0,Jan-25,2024-25
Pithampur (sector III) 220 kV S/s (agumentation of 160 MVA by 200 MVA X-mer),State,220/132,MPPTCL,40.0,Jan-25,2024-25
220 kV Jalna substation (Replacement of 50 MVA T/F with 100 MVA T/F),State,220/132,MSETCL,50.0,Jan-25,2024-25
"220/132/33 kV Turmunga GSS (20 MVA T/F-I)(late reported, commissioned in August-2024)",State,220/33,OPTCL,20.0,Jan-25,2024-25
Addl 100 MVA T/F at 220 kV S/S Majitha (N-1),State,220/66,PSTCL,100.0,Jan-25,2024-25
"220 kV GSS Udyog Vihar, Sriganganagar (Augmentation)",State,220/132,RVPNL,160.0,Jan-25,2024-25
"220 kV GSS MIA, Alwar (Augmentation)",State,220/132,RVPNL,100.0,Jan-25,2024-25
"220 kV S/s Hardoi Road, Lucknow (Capacity Augmentation) T/F-III",State,220/132,UPPTCL,160.0,Jan-25,2024-25
"220 kV S/s Jewar Extn., GB Nagar T/F-I",State,220/132,UPPTCL,160.0,Jan-25,2024-25
"220 kV S/s Sector-129 Noida, GB Nagar (Capacity Augmentation) T/F-IV",State,220/132,UPPTCL,160.0,Jan-25,2024-25
"400 kV S/s Sector-148 Noida, GB Nagar (Capacity Augmentation) T/F-II",State,220/132,UPPTCL,160.0,Jan-25,2024-25
"Aug. of transformation capacity at Kallam PS by 400/220 INDIGRID 1000 2x500 MVA, 400/220 kV ICTs (3rd & 4th) (ISTS_RTM)",Private,400/220,INDIGRID,1000.0,Jan-25,2024-25
"1x1500 MVA 765/400 kV ICT (3rd) at Pune (PG)
GIS under Western Region Expansion Scheme- XXXI Part C",Central,765/400,PGCIL,1500.0,Feb-25,2024-25
1x500 MVA 400/220 kV ICT (6th) at Fatehgarh-II PS (PG) to cater the N-1 Contigenecy,Central,400/220,PGCIL,500.0,Feb-25,2024-25
1X500 MVA 400/220 kV ICT-7th at Bikaner-II PS REZ (Phase-IV (Part 1) Bikaner Complex- PART E),Central,400/220,PGCIL,500.0,Feb-25,2024-25
400 kV GIS Thallayapalem in Guntur Dist (T/F-I),State,400/220,APTRANSCO,500.0,Feb-25,2024-25
KTPP Bhupalapally SS (2x500 MVA),State,400/220,TSTRANSCO,1000.0,Feb-25,2024-25
Kavanoor 230 kV SS (100-50 MVA),State,230/110,TANTRANSCO,50.0,Feb-25,2024-25
Oragadam 230 kV SS (160-100 MVA),State,230/110,TANTRANSCO,60.0,Feb-25,2024-25
Somayajulapalli SS in kurnool Dist,State,220/132,APTRANSCO,100.0,Feb-25,2024-25
Betamcherla SS in Kurnool District (T/F-II) (GEC-I),State,220/132,APTRANSCO,160.0,Feb-25,2024-25
Rajim SS (T/F-I),State,220/132,CSPTCL,160.0,Feb-25,2024-25
Tivim SS,State,220/33,ED-GOA,63.0,Feb-25,2024-25
220 kV Babarzar,State,220/66,GETCO,320.0,Feb-25,2024-25
220 kV Kim (Aug. from 560 to 620 MVA),State,220/66,GETCO,60.0,Feb-25,2024-25
220 kV A-5 Faridabad,State,220/66,HVPNL,60.0,Feb-25,2024-25
"Santhpur SS (2X100 MVA T/F at Kappakera village, Santapur Hobli, in Bidar Dist.) (GEC-II)",State,220/110,KPTCL,200.0,Feb-25,2024-25
220 kV Palghar SS (ICT-II),State,220/132,MSETCL,100.0,Feb-25,2024-25
220 kV Mohali-2 SS (Aug of 100 MVA to 160 MVA ),State,220/66,PSTCL,60.0,Feb-25,2024-25
220 kV Ghulal SS (Aug. 100 MVA to 160 MVA),State,220/66,PSTCL,60.0,Feb-25,2024-25
220 kV GSS Sayla,State,220/132,RVPNL,160.0,Feb-25,2024-25
"Narsapur SS (late reported, charged in October- 2024)",State,220/132,TSTRANSCO,160.0,Feb-25,2024-25
220 kV Nirmal SS (160-100 MVA),State,220/132,TSTRANSCO,60.0,Feb-25,2024-25
220 kV Jurala SS (160-100 MVA),State,220/132,TSTRANSCO,60.0,Feb-25,2024-25
"Hial SS (50-20 MVA)(Late reported, charged in July 2024)",State,220/33,TSTRANSCO,30.0,Feb-25,2024-25
"220 kV Kursi Road SS, Lucknow (160-100 MVA)",State,220/132,UPPTCL,60.0,Feb-25,2024-25
Kurnool-III (ICT3)(Trans. Sys. for Kurnool Wind Energy Zone/ Solar Energy Zone (AP)-Part-A & Part-B),Central,765/400,PGCIL,1500.0,Mar-25,2024-25
Kurnool-III (ICT1&2)(Trans. Sys. for Kurnool Wind Energy Zone/Solar Energy Zone (AP)-Part-A & B),Central,765/400,PGCIL,3000.0,Mar-25,2024-25
Navsari SS (ICT 1& 2) (Trans. Network Expansion in Gujarat to increase its ATC from ISTS Part B),Central,400/220,PGCIL,1000.0,Mar-25,2024-25
"Kurnool-III (ICT-1to4, 6&7)(Trans. Sys. for Kurnool Wind Energy Zone/Solar Energy Zone(AP)-Part- A&B)",Central,400/220,PGCIL,3000.0,Mar-25,2024-25
"1X500 MVA, 400/220 kV ICT (3rd) ICT at Bikaner-II
PS (8th ICT) (Aug. at Bikaner-II PS ICT(3rd)-PBTSL",Central,400/220,PGCIL,500.0,Mar-25,2024-25
Augmentation of 400 kV SS Maradam at Vizianagaram Dist,State,400/220,APTRANSCO,500.0,Mar-25,2024-25
Augmentation of 400 kV SS Narnoor at Kurnool Dist,State,400/220,APTRANSCO,500.0,Mar-25,2024-25
400/220/132 kV GIS Bakhtiyarpur (2x500 MVA),State,400/220/132,BSPTCL,1000.0,Mar-25,2024-25
Kurud (Dhamtari),State,400/220,CSPTCL,315.0,Mar-25,2024-25
"400 kV Kharghar substation (3x167 MVA, 400/220/33 kV ICT)",State,400/220/33,MSETCL,500.0,Mar-25,2024-25
"400 kV Padghe substation ( 3x167 MVA, 400/220/33 kV ICT )",State,400/220/33,MSETCL,500.0,Mar-25,2024-25
"400 kV GSS Jaisalmer-2 (Bhensara) (MVA, 3x500)",State,400/220/33,RVPNL,1500.0,Mar-25,2024-25
Kadalangudi 230/110 kV SS (enhancement from 100 MVA to 160 MVA),State,230/110,TANTRANSCO,60.0,Mar-25,2024-25
Cuddalore 230/110 kV S/S(Enhancement from 100 MVA to 160 MVA),State,230/110,TANTRANSCO,60.0,Mar-25,2024-25
220 kV SS Nidadavole at West Godavari Dist,State,220/132,APTRANSCO,60.0,Mar-25,2024-25
220 kV SS Narasaraopeta at Guntur District,State,220/132,APTRANSCO,60.0,Mar-25,2024-25
Augmentation of 400 kV SS Rachaganneri at Chittoor Dist,State,220/132,APTRANSCO,160.0,Mar-25,2024-25
400/220/132 kV GIS Bakhtiyarpur (1x160 MVA),State,220/132,BSPTCL,160.0,Mar-25,2024-25
220/132/33 kV GSS Thakurganj (1x160 MVA),State,220/132,BSPTCL,160.0,Mar-25,2024-25
400 kV Vadavi,State,220/66,GETCO,60.0,Mar-25,2024-25
220 kV Deodar (Vakha),State,220/66,GETCO,60.0,Mar-25,2024-25
220 kV Ghodasar,State,220/66,GETCO,160.0,Mar-25,2024-25
220 kV Jangral,State,220/66,GETCO,160.0,Mar-25,2024-25
220 kV Kukma,State,220/66,GETCO,100.0,Mar-25,2024-25
220 kV Mitha,State,220/66,GETCO,100.0,Mar-25,2024-25
220 kV Sarigam (Upgradation 66kV),State,220/66,GETCO,320.0,Mar-25,2024-25
220 kV Sisrana,State,220/66,GETCO,160.0,Mar-25,2024-25
220 kV Tappar,State,220/66,GETCO,160.0,Mar-25,2024-25
220 kV Sector-15-II Gurugram ( 2nd T/F),State,220/66,HVPNL,160.0,Mar-25,2024-25
220 kV Tepla,State,220/66,HVPNL,60.0,Mar-25,2024-25
220 kV Sector-32 Panchkula,State,220/66,HVPNL,100.0,Mar-25,2024-25
220 kV Harfali ( New),State,220/66,HVPNL,200.0,Mar-25,2024-25
"Hosakote (Ekarajapura) Providing Additional 1X100 MVA, 220/66 kV Transformer",State,220/66,KPTCL,100.0,Mar-25,2024-25
"Basarkod ( Establishing 2x100 MVA, 220/110 kV Sub-station )",State,220/110,KPTCL,100.0,Mar-25,2024-25
220 kV GIS Pathnamthitta,State,220/110,KSEB,100.0,Mar-25,2024-25
Malanpur 220 kV s/s Repl of 160 MVA by new 200 MVA X-mer,State,220/132,MPPTCL,40.0,Mar-25,2024-25
"220 kV Five star MIDC substation ( 1x50 MVA, 220/33kV T/F )",State,220/33,MSETCL,50.0,Mar-25,2024-25
"220 kV Colourchem substation ( 1 x(100-50) MVA, 220/22-22 kV)",State,220/22,MSETCL,50.0,Mar-25,2024-25
"220 kV Colourchem substation (1x(100-50) MVA, 220/22-22 kV)",State,220/22,MSETCL,50.0,Mar-25,2024-25
"220 kV Jambhul substation ( 1 x50 MVA, 220/22 kV T/F )",State,220/22,MSETCL,50.0,Mar-25,2024-25
"220 kV Tilwani substation ( 1X 100 MVA, 220/33 kV T/F)",State,220/22,MSETCL,100.0,Mar-25,2024-25
"220 kV Anand Nagar substation (1x(100-50) MVA, 220/22-22 kV)",State,220/22,MSETCL,50.0,Mar-25,2024-25
"400 kV Lonikand-I substation (1x50 MVA, 220/33 kV T/F )",State,220/33,MSETCL,50.0,Mar-25,2024-25
"220 kV Nagewadi substation ( 1X 50 MVA, 220/33 kV T/F )",State,220/33,MSETCL,50.0,Mar-25,2024-25
220 kV GIS S/s Baram,State,220/33,PTCUL,50.0,Mar-25,2024-25
220 kV GSS Aspur,State,220/132,RVPNL,100.0,Mar-25,2024-25
"220 kV GSS, Bansur",State,220/132,RVPNL,100.0,Mar-25,2024-25
"220 kV GSS, Bhiwadi",State,220/132,RVPNL,100.0,Mar-25,2024-25
220 kV GSS IG Nagar (160-100) =60,State,220/132,RVPNL,60.0,Mar-25,2024-25
"220 kV GSS, Ratangarh",State,220/132,RVPNL,100.0,Mar-25,2024-25
220 kV GSS Suratgarh (160-100) =60,State,220/132,RVPNL,60.0,Mar-25,2024-25
"220/132/33 kV S/S, Bowrampet",State,220/33,TSTRANSCO,50.0,Mar-25,2024-25
220 kV Mahabubabad S/S,State,220/132,TSTRANSCO,100.0,Mar-25,2024-25
"220 kV S/s Boner, Aligarh (Capacity Augmentation) (160-100)",State,220/132,UPPTCL,60.0,Mar-25,2024-25
"220 kV S/s Pratap Vihar, Ghaziabad (Capacity Augmentation) (160-100)",State,220/132,UPPTCL,60.0,Mar-25,2024-25
"220 kV S/s Faridpur, Bareilly (New T/F-II)",State,220/132,UPPTCL,100.0,Mar-25,2024-25
"Aug. of Khavda PS1 by 2X1500 MVA,765/400kV ICT (MVA:6000) (Late reported-commisioned in Feb 2025)",Private,765/400,MEGHA,3000.0,Mar-25,2024-25
"ACME Solar Holdings limited PS at Jaisalmer (4x315 MVA) (Late reported, commissioned in Oct- 24)",Private,400/33,ACME,1260.0,Mar-25,2024-25
Adani Green Energy Limited (PSS-13) at Khavda RE Park Gujarat (Late Reported Commissioned Jan-25),Private,400/33,ADANIGREEN,1320.0,Mar-25,2024-25
Adani Green Energy Limited (PSS-05) at Khavda RE Park Gujarat (Late Reported Comm. Apr-24),Private,400/33,ADANIGREEN,660.0,Mar-25,2024-25
Adani Green Energy Limited (PSS-04) at Khavda RE Park Gujarat (Late Reported Comm. Feb-25),Private,400/33,ADANIGREEN,660.0,Mar-25,2024-25
"Adani Renewable Energy Holding Four Limited at Badi Sid,Rajasthan (Late Reported Comm. Sep-24)",Private,400/33,AREHFL,660.0,Mar-25,2024-25
"RGESL Pooling S/S at Solapur, Maharashtra (Late Reported Commissioned Jan-25)",Private,400/33,Renew Green Energy,225.0,Mar-25,2024-25
Sarjan Realities Private Limited at (PSS-09) Khavda RE Park Gujarat ((Late Reported Comm. Nov-24),Private,400/33,Sarjan Realities,660.0,Mar-25,2024-25
"Adani Renewable Energy Holding Four Limited at Bhimsar, Rajasthan ((Late Reported Comm. Nov- 24)",Private,220/33,AREHFL,500.0,Mar-25,2024-25
RSJPL Pooling S/S at Jaisalmer,Private,220/33,Renew Surya Jyoti,210.0,Mar-25,2024-25
RSRPL Pooling S/S (Late Reported Commissioned May-24),Private,220/33,Renew Surya Roshni,200.0,Mar-25,2024-25
RSVPL Pooling S/S at Jaisalmer,Private,220/33,Renew Surya Vihaan,200.0,Mar-25,2024-25
M/s Sembcorp Green Infra Private Limiteds generation (PS) at Koppal (Late Reported Comm. Sep-24),Private,220/33,Sembcorp Green Infra,320.0,Mar-25,2024-25
"Serentica Renewables India Private Limited(SRIPL) PS at Bikaner,Rajasthan(Late Reported Apr-24)",Private,220/33,Serentica Renewables,550.0,Mar-25,2024-25
"Serentica Renewables India1 Private Limited (SRI1PL)PS atKoppal,Karnataka (Late Reported Comm.May-24)",Private,220/33,Serentica Renewables,300.0,Mar-25,2024-25
"Vena Energy Vidyuth Private Limited PS in Jumlapura Village,Koppal (Late Reported, Comm. Oct-24)",Private,220/132,Vena Energy Vidyuth,160.0,Mar-25,2024-25
"2x1500 MVA, 765/400 kV ICT-1 & 2 at Navsari (New) Substation under Project: Transmission Network Expansion in Gujarat to increase its ATC from ISTS Part B",Central,765/400,PGCIL,3000.0,Apr-25,2025-26
"1x1500 MVA, 765/400 kV ICT-1 at KPS 2
Substation under Project: Establishment of Khavda Pooling Station-2 (KPS2) in Khavda RE Park",Central,765/400,PGCIL,1500.0,Apr-25,2025-26
"1x1500 MVA, 765/400 kV ICT-1 at Fathehgarh- 3 (New Section) under Project: Transmission system for evacuation of power from REZ in Rajasthan (20GW) under Phase-III Part E1",Central,765/400,PGCIL,1500.0,Apr-25,2025-26
220 kV Racherlapadu SS in Nellore District (Aug.),State,220/132,APTRANSCO,100.0,Apr-25,2025-26
Gopalganj SS (Aug.),State,220/132,BSPTCL,200.0,Apr-25,2025-26
"220 kV GIS Transport Hub, Sector-8 IMT Manesar (T/F-II)",State,220/66,HVPNL,100.0,Apr-25,2025-26
220 kV Palla (Aug.) (160-100 MVA),State,220/66,HVPNL,60.0,Apr-25,2025-26
Yelburga SS   (2×100 MVA),State,220/110,KPTCL,200.0,Apr-25,2025-26
Julwaniya 400 kV S/s (Aug.),State,400/220,MPPTCL,500.0,Apr-25,2025-26
Nayagarh (Aug.) (40-20 MVA),State,220/33,OPTCL,20.0,Apr-25,2025-26
Patti (200 kV SS)(Aug.),State,220/66,PSTCL,100.0,Apr-25,2025-26
220 kV Mohali-1(Aug.)(160-100 MVA),State,220/66,PSTCL,60.0,Apr-25,2025-26
220 kV Humbran SS (Aug.) (160-100 MVA),State,220/66,PSTCL,60.0,Apr-25,2025-26
220 kV IG Nagar SS (Aug.) (160-100 MVA),State,220/132,RRVPNL,60.0,Apr-25,2025-26
Korattur SS (upgradation from 230 kV to 400 kV GIS) T/F-I,State,400/230,TANTRANSCO,500.0,Apr-25,2025-26
Korattur SS (upgradation from 230 kV to 400 kV GIS) (2X200 MVA),State,400/110,TANTRANSCO,400.0,Apr-25,2025-26
K.R.Thoppur SS (Aug.),State,400/230,TANTRANSCO,500.0,Apr-25,2025-26
Chandrayanagutta SS (Aug.),State,220/132,TGTRANSCO,160.0,Apr-25,2025-26
Sivarampally (Aug.)(160-100 MVA),State,220/132,TGTRANSCO,60.0,Apr-25,2025-26
Wanaparthy SS (Aug.),State,220/132,TGTRANSCO,160.0,Apr-25,2025-26
"220 kV Hafizpur S/s, Azamgarh Aug. (200-160 MVA)",State,220/132,UPPTCL,40.0,Apr-25,2025-26
Sangod GSS (2X500 MVA)(Intra-state TBCB),Private,400/220,Adani,1000.0,Apr-25,2025-26
Sangod GSS (Intra-state TBCB),Private,220/132,Adani,160.0,Apr-25,2025-26
"2x1500 MVA ICT (3rd & 4th) at KPS 1
(Augmentation of Khavda PS1 by 4X1500 MVA, 765/400 kV ICT)",Private,765/400,Megha Engineering (taken over by Adani),3000.0,Apr-25,2025-26
Sriperumbudur SS (Aug.) (500-315 MVA),State,400/230,TANTRANSCO,185.0,May-25,2025-26
Upgradation of Satgachia GIS (from 220 kV SS to 400 kV),State,400/220,WBSETCL,1000.0,May-25,2025-26
Mambakkam SS (T/F-I),State,230/110,TANTRANSCO,100.0,May-25,2025-26
220 kV Gorantla S/S in Ananthapur Dist,State,220/132,APTRANSCO,160.0,May-25,2025-26
Hajipur (T/F-I),State,220/132,BSPTCL,200.0,May-25,2025-26
220 kV Radhanpur (Aug.)(420-310 MVA),State,220/66,GETCO,110.0,May-25,2025-26
220 kV Talangpore (Aug.) (800-740 MVA),State,220/66,GETCO,60.0,May-25,2025-26
Basarkod-T/F-II,State,220/110,KPTCL,100.0,May-25,2025-26
Antharasanahalli (Aug.)(150-100 MVA),State,220/66,KPTCL,50.0,May-25,2025-26
220 kV Konsari SS (2 x 100 MVA ICTs) (by M/s Lloyds Metal & Energy Ltd.),State,220/132,MSETCL,200.0,May-25,2025-26
Nagbhid S/s (1 x 100 MVA ICT I),State,220/132,MSETCL,100.0,May-25,2025-26
Nagbhid S/s (1 x 25 MVA T/F),State,220/33,MSETCL,25.0,May-25,2025-26
Pardi substation (2 x100 MVA ICTs),State,220/132,MSETCL,200.0,May-25,2025-26
Mendhasal GSS (Aug.) (40-20 MVA),State,220/33,OPTCL,20.0,May-25,2025-26
Moga (Singhawala) (220 kV SS) (Aug.),State,220/66,PSTCL,100.0,May-25,2025-26
220 kV GSS Danta Ramgarh (Aug.),State,220/132,RVPNL,100.0,May-25,2025-26
220 kV GSS Gangapur City (Aug.) (160-100 MVA),State,220/132,RVPNL,60.0,May-25,2025-26
220 kV S/s Banda (Aug.),State,220/132,UPPTCL,160.0,May-25,2025-26
"220 kV S/s Bhelupur, Varanasi (Aug.)",State,220/33,UPPTCL,60.0,May-25,2025-26
400 kV S/s Jaunpur (Machhlishshar) (T/F-II),State,220/132,UPPTCL,160.0,May-25,2025-26
"1x1500 MVA, 765/400 kV ICT-1 at KPS3 Substation under Project: Establishment of Khavda Pooling Station-3 (KPS3) in Khavda RE Park (SPV Name: POWERGRID KPS3 TRANSMISSION LIMITED)",Central,765/400,PGCIL,1500.0,Jun-25,2025-26
"1x1500 MVA, 765/400 kV ICT-2 at Fathehgarh-3 (New Section) under Project: Transmission system for evacuation of power from REZ in Rajasthan (20GW) under Phase-III Part E1- Given to PRTL (POWERGRID Ramgarh Transmission Limited)",Central,765/400,PGCIL,1500.0,Jun-25,2025-26
"2x160 MVA, 220/132 kV ICT-1&2 at Namsai S/S under Project: System Strengthening Scheme for Eastern and North Eastern Regions (SPV Name: POWERGRID ER NER Transmission Limited) NERSS-XV",Central,220/132,PGCIL,320.0,Jun-25,2025-26
Dhanansu (400 kV SS) (Aug.),State,400/220,PSTCL,500.0,Jun-25,2025-26
Korattur SS (ICT-II) (upgradation from 230 kV to 400 kV GIS),State,400/230,TANTRANSCO,500.0,Jun-25,2025-26
Pampanurthanda SS in Ananthapur Dist (T/F-II),State,220/132,APTRANSCO,160.0,Jun-25,2025-26
Tajpur SS (2X160 MVA),State,220/132,BSPTCL,320.0,Jun-25,2025-26
Rajokheri SS (Aug.),State,220/66,HVPNL,160.0,Jun-25,2025-26
Sherpur SS (Upgradation from 66 kV to 220 kV),State,220/66,PSTCL,160.0,Jun-25,2025-26
Addl 100 MVA at 220 KV S/S Ikolaha,State,220/66,PSTCL,100.0,Jun-25,2025-26
Sherpur S/S (Aug.),State,220/66,PSTCL,160.0,Jun-25,2025-26
220 kV GSS Sheo (Upgradation),State,220/132,RVPNL,160.0,Jun-25,2025-26
Jurala SS (Aug.)(160-100 MVA),State,220/132,TSTRANSCO,60.0,Jun-25,2025-26
"2x1500  MVA,  765/400  kV ICT-2  & 3  at
KPS3  Substation  under Project: Establishment of  Khavda  Pooling Station-3 (KPS3)  in  Khavda  RE  Park  (SPV Name: POWERGRID KPS3  TRANSMISSION LIMITED)",Central,765/400,PGCIL,3000.0,Jul-25,2025-26
"1x1500  MVA,  765/400  kV ICT-2  at KPS2
Substation  under Project: Establishment of Khavda  Pooling Station-2  (KPS2)  in  Khavda RE  Park  (SPV:  POWERGRID KPS2 TRANSMISSION LIMITED)",Central,765/400,PGCIL,1500.0,Jul-25,2025-26
"1X1500MVA,  765/400  KV ICT-5th  at
Raigarh  Kotra  Section  B under Project: Western  Region  Expansion  Scheme-XXV (WRES-XXV)",Central,765/400,PGCIL,1500.0,Jul-25,2025-26
"1x500  MVA,  400/220  kV ICT-1  at
Fathehgarh-3  (New  Section)  under Project: Transmission  system  for evacuation  of power from  REZ in  Rajasthan  (20GW)  under Phase-III  Part E1-  Given  to  PRTL (POWERGRID Ramgarh  Transmission Limited)",Central,400/220,PGCIL,500.0,Jul-25,2025-26
"Chinturu  SS  in  East  Godavari  District  (2nd
T/F)",State,220/33,APTRANSCO,50.0,Jul-25,2025-26
"Sattenapalli  SS  in  Guntur Dist  (Aug.)  (500-
315  MVA)",State,400/220,APTRANSCO,185.0,Jul-25,2025-26
"220  kV SS  Renigunta  in  Chittoor Dist
(Aug.)(160-100  MVA)",State,220/132,APTRANSCO,60.0,Jul-25,2025-26
Rajim  SS  (T/F-II),State,220/132,CSPTCL,160.0,Jul-25,2025-26
Dhardehi  (Bilaspur)SS  (2X315  MVA),State,400/220,CSPTCL,630.0,Jul-25,2025-26
220  kV Anjar (Augmentation),State,220/66,GETCO,160.0,Jul-25,2025-26
"220  kV Pachgaon  Substation  (2  x50  MVA
T/F's)",State,220/33,MSETCL,100.0,Jul-25,2025-26
Turumunga  GSS  (20  MVA  T/F-II),State,220/33,OPTCL,20.0,Jul-25,2025-26
Rengali  GSS  (Aug.)  (40-20  MVA),State,220/33,OPTCL,20.0,Jul-25,2025-26
"Turumunga  GSS  (160  MVA  T/F-II)  (Late
reported,  charged  in  June-2025)",State,220/132,OPTCL,160.0,Jul-25,2025-26
Ambattur 3rd  Main  road  (Aug.),State,230/110,TANTRANSCO,100.0,Jul-25,2025-26
Hosur SS  (Aug.)(160-100  MVA),State,230/110,TANTRANSCO,60.0,Jul-25,2025-26
220  kV Husnabad  SS,State,220/132,TGTRANSCO,100.0,Jul-25,2025-26
220  kV Siddipet SS  (Aug.)(160-100  MVA),State,220/132,TGTRANSCO,60.0,Jul-25,2025-26
"Augmentation  of  transformation  capacity at KPS1  (GIS)  by  1X1500  MVA,  765/400  kV
ICT  (8th)  on  bus  section-I",Private,765/400,Adani,1500.0,Jul-25,2025-26
"1x1500  MVA,  765/400  kV 4th  ICT  at
Bikaner Substation  under Project: Transmission  Sysytem  for evacuation  of Power from  Rajasthan  Phase-IV Part -I Bikaner Complex  Part E",Central,765/400,PGCIL,1500.0,Aug-25,2025-26
"1x500  MVA,  400/220  kV (4th)  ICT  at
Nalagarh  Substation  under Project: Augmentation  of  Transformation  Capacity at 400/220  kV Nalagarh  substation  by 400/220  kV, 1x500  MVA  (4th)  ICT",Central,400/220,PGCIL,500.0,Aug-25,2025-26
"1x500  MVA,  400/220  kV (3rd)  ICT  at
Hassan  Substation  under Project: Augmentation  of  Transformation  Capacity at 400/220  kV   Hassan  Substation  in Karnataka  by 400/220  kV, 1x500  MVA  ICT (3rd)",Central,400/220,PGCIL,500.0,Aug-25,2025-26
"1x500  MVA,  400/220  kV ICT-2  at
Fathehgarh-3  (New  Section)  under Project: Transmission  system  for evacuation  of power from  REZ in  Rajasthan  (20GW)  under Phase-III  Part E1-  Given  to  PRTL (POWERGRID Ramgarh  Transmission Limited)",Central,400/220,PGCIL,500.0,Aug-25,2025-26
Khedamara  (Bhilai)  (Aug.),State,400/220,CSPTCL,315.0,Aug-25,2025-26
400  kV Kansari  (Aug.)(500-315  MVA),State,400/220,GETCO,185.0,Aug-25,2025-26
400  kV Charal  (Aug.),State,220/66,GETCO,160.0,Aug-25,2025-26
220  kV Samalkha  SS  (Aug.)  (160  -100  MVA),State,220/132,HVPNL,60.0,Aug-25,2025-26
220  kV Lula  Ahir SS  (Aug.),State,220/33,HVPNL,100.0,Aug-25,2025-26
"Establishing Salahalli  (Bannur)  S/s   (2X100
MVA)",State,220/110,KPTCL,200.0,Aug-25,2025-26
"Establishing 220/66  kV Mathikere  GIS
(2x150  MVA)",State,220/66,KPTCL,300.0,Aug-25,2025-26
New  Duburi  GSS  (Aug.),State,400/220/33,OPTCL,500.0,Aug-25,2025-26
Wazirabad  S/s  (1X160  MVA),State,220/66,PSTCL,160.0,Aug-25,2025-26
220  kV GSS  Karoli  (Upgradation),State,220/132,RRVPNL,160.0,Aug-25,2025-26
220  KV GSS  Phulera,State,220/132,RRVPNL,100.0,Aug-25,2025-26
"230/33  kV Ganesh  Nagar GIS  SS  (2x100
MVA)",State,230/33,TANTRANSCO,200.0,Aug-25,2025-26
220/132  kV Ammavaripeta  (T/F-II),State,220/132,TGTRANSCO,100.0,Aug-25,2025-26
"Raghunathpur 220  kV GIS  (Upg)  (1X160
MVA  & 1X150  MVA)",State,220/132,WBSETCL,310.0,Aug-25,2025-26
"1x1500  MVA,  765/400  kV ICT-3  at
Fathehgarh-3  (New  Section)  under Project: Transmission  system  for evacuation  of power from  REZ in  Rajasthan  (20GW)  under Phase-III  Part E1-  Given  to  PRTL (POWERGRID Ramgarh  Transmission Limited)",Central,765/400,PGCIL,1500.0,Sep-25,2025-26
"2x1500  MVA,  765/400  kV ICT-1  & 2  at
Ahmedabad  New  SS  under Project: Transmission  scheme  for evacuation  of
4.5GW RE  injection  at Khavda  PS  under Phase  II-  Part C (POWERGRID Khavda  II  C Transmission  Limited)",Central,765/400,PGCIL,3000.0,Sep-25,2025-26
"220  kV SS  Bommuru  in  East  Godavari  Dist.
(Aug.)  (160-100  MVA)",State,220/132,APTRANSCO,60.0,Sep-25,2025-26
"220  kV SS  Pydibhimavaram  in  Srikakulam
Dist.  (Aug.)",State,220/132,APTRANSCO,160.0,Sep-25,2025-26
Urla  (Raipur),State,220/132,CSPTCL,160.0,Sep-25,2025-26
220  kV Agthala  (Augmentation),State,220/66,GETCO,160.0,Sep-25,2025-26
Ukai,State,400/220,GETCO,500.0,Sep-25,2025-26
220  kV Ramana  Ramani  SS  (2×160  MVA),State,220/132,HVPNL,320.0,Sep-25,2025-26
220  kV Ramana  Ramani  SS  (2×100  MVA),State,220/33,HVPNL,200.0,Sep-25,2025-26
"Pandhurna  220  kV S/s  (Aug.)  (200-160
MVA)",State,220/132,MPPTCL,40.0,Sep-25,2025-26
"220  kV S/s  Gajraula,  Amroha  T/F-III
(Aug.)",State,220/132,UPPTCL,160.0,Sep-25,2025-26
"220kV S/s  Sikandra  Rao,  Hathras   T/F-III
(Aug.)",State,220/132,UPPTCL,160.0,Sep-25,2025-26
Falakata  220  kV GIS,State,220/132,WBSETCL,320.0,Sep-25,2025-26
"3x1500  MVA,  765/400  kV ICT-1,2  and  3  at
Narela  GIS  under Project: Transmission system  strengthening scheme  for evacuation  of  power from  solar energy zones  in  Rajasthan  (8.1  GW)  under phase- II-  Part G (SPV Name:  POWERGRID Narela Transmission  Limited)",Central,765/400,PGCIL,4500.0,Oct-25,2025-26
"Replacement of  315  MVA  ICT-3  with  500 MVA  ICT  at Bawana  (DTL)  Substation under Project: Replacement of  400/220  kV
,  315  MVA  ICT-3  with  400/220  kV,500
MVA  ICT  at 400/220/66  kV Bawana  (DTL) Substation",Central,400/220,PGCIL,185.0,Oct-25,2025-26
"1X500  MVA,  400/220  kV ICT-5  at Kurnool- III  under Project: Transmission  System  for Kurnool  Wind  Energy Zone/ Solar Energy Zone  (AP)  –  Part-A  & Part-B",Central,400/220,PGCIL,500.0,Oct-25,2025-26
Racherla  SS  in  chittoor dist.,State,220/132,APTRANSCO,100.0,Oct-25,2025-26
220  kV Dhansura(Augmentation),State,220/66,GETCO,110.0,Oct-25,2025-26
400  kV Hadala(Augmentation),State,220/66,GETCO,110.0,Oct-25,2025-26
220  kV Kaul  (Kaithal),State,220/132,HVPNL,160.0,Oct-25,2025-26
Nagarbhavi  SS  (2x150  MVA),State,220/66,KPTCL,300.0,Oct-25,2025-26
White  field  (Hagadur)  GIS:  (2X150  MVA),State,220/66,KPTCL,300.0,Oct-25,2025-26
"Dudda  SS  (HassanTaluk,  Hassan  distict):
(220/66  kV, 100  MVA  T/F)",State,220/66,KPTCL,100.0,Oct-25,2025-26
"Dudda  SS  (HassanTaluk,  Hassan  distict):
(220/110  kV, 100  MVA  T/F)",State,220/110,KPTCL,100.0,Oct-25,2025-26
220  kV Chakan  S/s  (1x50  MVA  T/F),State,220/ 22,MSETCL,50.0,Oct-25,2025-26
"220  kV S/S  Dhandari  Kalan-2  (Aug.)  (160-
100  MVA)",State,220/66,PSTCL,60.0,Oct-25,2025-26
"220  kV Budhlada  SS  (1X100  MVA
T/F)(Upgraded  from  66kV to  220  kV)",State,220/66,PSTCL,100.0,Oct-25,2025-26
220  kV GSS  Rayla  (Upg.),State,220/132,RRVPNL,160.0,Oct-25,2025-26
"Kalisindh  TPS  (RVUN)  Aug. (500-315  MVA)
(Late  reported,  commissioned  in September-2025)",State,400/220,RRVPNL,185.0,Oct-25,2025-26
220  kV GSS  Dechu  (Aug.)  (200-100  MVA),State,220/132,RRVPNL,100.0,Oct-25,2025-26
"220  kV S/s  Harduaganj,  Aligarh
(Capacity Augmentation  T/F-II)",State,220/132,UPPTCL,160.0,Oct-25,2025-26
Hajipur (T/F-II  -200  MVA),State,220/132,BSPTCL,200.0,Oct-25,2025-26
Hazira S/S,Private,400/220,"Arcelor Mittal
Nippon  Steel (formerly Essar)",500.0,Oct-25,2025-26
"1x1500  MVA,  765/400  kV ICT-3  at KPS  2
Substation  under Project: Establishment of Khavda  Pooling Station-2  (KPS2)  in  Khavda RE  Park  (SPV:  POWERGRID KPS2 TRANSMISSION LIMITED)",Central,765/400,PGCIL,1500.0,Nov-25,2025-26
"1X1500  MVA,  765/400  KV ICT-7th  at
Raigarh  Kotra  (Section  B)  under Project: Western  Region  Expansion  Scheme-XXV (WRES-XXV)",Central,765/400,PGCIL,1500.0,Nov-25,2025-26
"1x1500  MVA,  765/400  kV ICT-3  at
Ahmedabad  New  SS  under Project: Transmission  scheme  for evacuation  of
4.5GW RE  injection  at Khavda  PS  under Phase  II-  Part C (POWERGRID Khavda  II  C Transmission  Limited)",Central,765/400,PGCIL,1500.0,Nov-25,2025-26
Bobbili  SS  Growth  Center (Aug.),State,220/132,APTRANSCO,160.0,Nov-25,2025-26
220  kV Keshod  (Augmentation),State,220/66,GETCO,60.0,Nov-25,2025-26
220  kV Thavar(Augmentation),State,220/66,GETCO,60.0,Nov-25,2025-26
220  kV Sartanpar(Augmentation),State,220/66,GETCO,160.0,Nov-25,2025-26
220  kV Jind  (Aug.),State,220/132,HVPNL,60.0,Nov-25,2025-26
220  kV Badhana  (Aug.),State,220/132,HVPNL,60.0,Nov-25,2025-26
MRS  Shivamogga  (Aug.)(3rd  100  MVA),State,220/110,KPTCL,100.0,Nov-25,2025-26
220  kV Mankoli  GIS  S/s  (2x50  MVA),State,220/ 22,MSETCL,100.0,Nov-25,2025-26
"400  kV Nagothane  substation  (Aug.)(3x167
MVA)",State,400/220,MSETCL,500.0,Nov-25,2025-26
220  kV Gadchiroli  substation  (Aug.)(100-50) MVA,State,220/132,MSETCL,50.0,Nov-25,2025-26
Bidanasi  SS,State,220/132,OPTCL,160.0,Nov-25,2025-26
"Legship  Pool  (under comprehensive
scheme)",State,220/132,"PD, Sikkim",200.0,Nov-25,2025-26
220  kV S/S  Nabha  (Aug.)(160-100  MVA),State,220/66,PSTCL,60.0,Nov-25,2025-26
220  kV GSS  Sanchore  (Aug.)  (200-100  MVA),State,220/132,RRVPNL,100.0,Nov-25,2025-26
220  kV Janagaon  (Aug.)(160-100  MVA),State,220/132,TGTRANSCO,60.0,Nov-25,2025-26
"220/132  kV S/s  Amaria
(Capacity Augmentation  T/F-I-  160-100)",State,220/132,UPPTCL,60.0,Nov-25,2025-26
"400  kV S/s  Unnao  (Capacity Augmentation
T/F-II-  500-315  MVA)",State,400/220,UPPTCL,185.0,Nov-25,2025-26
"Metro  Depot S/s  (Greater.  Noida)  (T/F-I  &
II)_Intra  state  TBCB_UP",Private,400/220,Tata  Power,1000.0,Nov-25,2025-26
"1x1500  MVA,  765/400  kV ICT-4  at KPS  2
Substation  under Project: Establishment of Khavda  Pooling Station-2  (KPS2)  in  Khavda RE  Park",Central,765/400,PGCIL,1500.0,Dec-25,2025-26
"1x500  MVA,  400/220  kV ICT-3  at
Fathehgarh-3  (New  Section)  under Project: Transmission  system  for evacuation  of power from  REZ in  Rajasthan  (20GW)  under Phase-III  Part E1-  Given  to  PRTL",Central,400/220,PGCIL,500.0,Dec-25,2025-26
Ponda  SS  (Aug.)  (ICT-II),State,220/33,GED,63.0,Dec-25,2025-26
220  kV Savdas  na  Muvada  (Augmentation),State,220/66,GETCO,100.0,Dec-25,2025-26
400kV Kalawad  GIS  (2X500  MVA),State,400/220,GETCO,1000.0,Dec-25,2025-26
220  kV Botad  (Augmentation),State,220/66,GETCO,60.0,Dec-25,2025-26
"220  kV GIS  at Pocket A,  IMT  Kharkhoda
Sonipat",State,220/33,HVPNL,100.0,Dec-25,2025-26
220  kV Sec-15  (II)  Gurugram  (Aug.),State,220/66,HVPNL,100.0,Dec-25,2025-26
220  kV Sec-20  Gurugram  (Aug.),State,220/66,HVPNL,60.0,Dec-25,2025-26
220  kV Samain  (Aug.),State,220/132,HVPNL,100.0,Dec-25,2025-26
220  kV Deroli  Ahir (Aug.),State,220/132,HVPNL,100.0,Dec-25,2025-26
"220  kV A-4,  Faridabad   (Aug.)  (160-100
MVA)",State,220/66,HVPNL,60.0,Dec-25,2025-26
"220  kV Meerpur Kurali  (Aug.)  160-100
MVA)",State,220/66,HVPNL,60.0,Dec-25,2025-26
220  kV Nuna  Majra  (Aug.)  (160-100  MVA),State,220/132,HVPNL,60.0,Dec-25,2025-26
"NRS  Substation  (Augmentation)  (2x150  -
2X100  MVA)",State,220/66,KPTCL,100.0,Dec-25,2025-26
400  kV S/s  Badnawar (Aug.)  (500  MVA),State,400/220,MPPTCL,500.0,Dec-25,2025-26
220  kV S/s  Barwaha  (Aug.)  (200-160  MVA),State,220/132,MPPTCL,40.0,Dec-25,2025-26
"220  kV Hinganghat (Aug.)  (100-80  MVA) (late  reported,  commissioned  in  August-
2025)",State,220/132,MSETCL,20.0,Dec-25,2025-26
400  kV Thaptitanda  (3x167  MVA),State,400/220,MSETCL,500.0,Dec-25,2025-26
220  kV Lote  (Aug.)  (1X50  MVA),State,220/ 33,MSETCL,50.0,Dec-25,2025-26
220  kV Kaulewada  (Aug.)  (50-25  MVA),State,220/ 22,MSETCL,25.0,Dec-25,2025-26
"220/33  KV Grid  Substation  Narasinghpur
(Aug.)  (40-20  MVA)",State,220/132,OPTCL,20.0,Dec-25,2025-26
"220  kV S/S  Budhlada(1X160  MVA
T/F)(Upgraded  from  66kV to  220  kV)",State,220/66,PSTCL,160.0,Dec-25,2025-26
400  kV GSS  Heerapura  (Aug.),State,400/220,RRVPNL,500.0,Dec-25,2025-26
"220kV GSS  Mandawar (Aug.)  (200-100
MVA)",State,220/132,RRVPNL,100.0,Dec-25,2025-26
Arani  SS  (Aug.)(100-80  MVA),State,230/110,TANTRANSCO,20.0,Dec-25,2025-26
Vinnamangalam  (Aug.),State,230/110,TANTRANSCO,100.0,Dec-25,2025-26
220/132  kV Banswada  SS  (Aug.)(3rd  T/F),State,220/132,TGTRANSCO,100.0,Dec-25,2025-26
220  kV GIS  S/s  Trans  Ganga  City (Unnao) (2X60  MVA),State,220/132,UPPTCL,120.0,Dec-25,2025-26
Khanakul  220/33  kV GIS,State,220/33,WBSETCL,100.0,Dec-25,2025-26
"5x500  MVA,  400/220  kV pooling station  at Fatehgarh-4  (Transmission  system  for evacuation  of  power from  REZ in  Rajasthan (20  GW)  under phase  III  –Part A1)",Private,400/220,Apraava  Energy,2500.0,Dec-25,2025-26
"7  x  66.67  MVA,  400/132  kV Kishtwar (Transmission  System  for evacuation  of power from  Pakaldul  HEP  in  Chenab  Valley HEPs)",Private,400/132,Resonia  (formerly Sterlite),400.0,Dec-25,2025-26
"2x1500  MVA,  765/400  kV ICT  1  & 2  at
Dausa  under Project: Transmission  system for evacuation  of  power from  REZ in Rajasthan  (20  GW)  under Phase-III  part H (SPV:  POWERGRID Beawar
DausaTransmission  Ltd.)",Central,765/400,PGCIL,3000.0,Jan-26,2025-26
"1x500  MVA,  400/220  kV ICT  (9th)  at Bhuj under Project: Augmentation  of Transformation  Capacity at 400/220  kV Bhuj  PS  in  Gujarat by  1x500  MVA, 400/220  kV ICT  (9th)",Central,400/220,PGCIL,500.0,Jan-26,2025-26
"1x1500  MVA,  765/400  kV ICT  (3rd)  at
Indore  S/S  under Project: Augmentation  of Transformation  Capacity at 765/400  kV Indore  S/s  in  Madhya  Pradesh",Central,765/400,PGCIL,1500.0,Jan-26,2025-26
"1x500  MVA,  400/220  kV ICT  (3rd)  at
Bhachau  under Project: Augmentation  of Transformation  Capacity at 400/220  kV Bhachau  Substation  in  Gujarat by  400/220 KV,  1x1500  MVA  ICT  (3rd)",Central,400/220,PGCIL,500.0,Jan-26,2025-26
"1x500  MVA,  400/220  kV ICT  (1st)  at
Ananthpuram   under Project: Transmission scheme  for Solar Energy Zone  in Ananthpuram  (Ananthapur)  (2500  MW)  and Kurnool  (1000  MW),  Andhra  Pradesh  (SPV: POWERGRID Ananthpuram  Kurnool Transmission  Ltd.)",Central,400/220,PGCIL,500.0,Jan-26,2025-26
"220  kV SS  Nagari  in  Chittoor Dist
(Aug.)(160-100  MVA)",State,220/132,APTRANSCO,60.0,Jan-26,2025-26
"220  kV Ramavaram  in  East  Godavari  Dist
(Aug.)",State,220/132,APTRANSCO,160.0,Jan-26,2025-26
220  kV SS  Gunadala  in  Krishna  Dist  (Aug.),State,220/132,APTRANSCO,160.0,Jan-26,2025-26
"220  kV SS  Garividi  in  Vizianagaram  Dist.
(Aug.)(160-100  MVA)",State,220/132,APTRANSCO,60.0,Jan-26,2025-26
"220  kV   SS  Racherla  in  Chittoor Dist  (T/F-II-
160  MVA)",State,220/132,APTRANSCO,160.0,Jan-26,2025-26
220/132  kV Kangoo  Substation  (Aug.),State,220/132,HPPTCL,200.0,Jan-26,2025-26
220  kV Sadhaura  Ambala  SS  (2x100  MVA),State,220/66,HVPNL,200.0,Jan-26,2025-26
"220  kV GIS  at Pocket A,  IMT  Kharkhoda
Sonipat,  (100  MVA  T/F-II)",State,220/33,HVPNL,100.0,Jan-26,2025-26
220  kV Durala,State,220/132,HVPNL,100.0,Jan-26,2025-26
220  kV Bhuna  (Aug.)(100  to  160),State,220/132,HVPNL,60.0,Jan-26,2025-26
"Barn  SS  (Aug.)(late,  reported,  commissioned
in  Dec-2025)",State,220/132,JKPTCL,50.0,Jan-26,2025-26
"Patratu  SS  (Late  reported,  commissioned  in
December-2025)",State,220/132,JUSNL,400.0,Jan-26,2025-26
220  kV Handiya  SS  (Aug.)(200-160  MVA),State,220/132,MPPTCL,40.0,Jan-26,2025-26
220  kV Bhopal  SS  (Aug.),State,220/132,MPPTCL,200.0,Jan-26,2025-26
220  kV Temghar (Aug.)(100-50  MVA),State,220/22-22,MSETCL,50.0,Jan-26,2025-26
220  kV Kaulewada  SS  (Aug.)  (50-25  MVA),State,220/33,MSETCL,25.0,Jan-26,2025-26
"220  kV BBMB  Jalandhar (Aug.)(160-100
MVA)",State,220/66,PSTCL,60.0,Jan-26,2025-26
220  kV GSS  Kishangarh  (Aug.),State,220/132,RRVPNL,100.0,Jan-26,2025-26
Oragadam  230  kV SS   (Aug.)(160-100  MVA),State,230/110,TANTRANSCO,60.0,Jan-26,2025-26
Koyambedu  230  kV GIS   SS  (Aug.),State,230/110,TANTRANSCO,100.0,Jan-26,2025-26
Kadapperi  230  kV SS(Aug.)(160-100  MVA),State,230/110,TANTRANSCO,60.0,Jan-26,2025-26
220/132  kV Renjal  SS  (Aug.)(160-100  MVA),State,220/132,TGTRANSCO,60.0,Jan-26,2025-26
KTPP  Bhupalapally SS,State,220  / 132,TGTRANSCO,100.0,Jan-26,2025-26
"220  kV S/s  Etah  (Mainpuri)  (Capacity
Augmentation  T/F-III)",State,220/132,UPPTCL,160.0,Jan-26,2025-26
220  kV S/s  Mawana  (Meerut)  (  T/F-I),State,220/132,UPPTCL,160.0,Jan-26,2025-26
"Koppal  PS  (Aug.)  (6th  ICT)(Late  reported,
commissioned  in  Dec-2025)",Private,400/220,Indigrid,500.0,Jan-26,2025-26
"2x1500  MVA,  765/400  kV ICT  1  & 2  at
Bhadla-III  under Project:Transmission system  for evacuation  of  power from  REZ in Rajasthan  (20  GW)  under Phase-III  part B1 (SPV:  POWERGRID Bhadla-III  Transmission Ltd.)",Central,765/400,PGCIL,3000.0,Feb-26,2025-26
"2x1500MVA,  765/400kV ICT  1  & 2  at
Ramgarh  PS  under Project:Transmission system  associated  with  LTA  applications from  Rajasthan  SEZ Phase-III  Part-C1  (SPV: POWERGRID Ramgarh-II  Transmission Ltd.)",Central,765/400,PGCIL,3000.0,Feb-26,2025-26
"2x500  MVA,  400/220  kV ICT  1  & 2  at
Ramgarh  PS  under Project:Transmission system  associated  with  LTA  applications from  Rajasthan  SEZ Phase-III  Part-C1  (SPV: POWERGRID Ramgarh-II  Transmission Ltd.)",Central,400/220,PGCIL,1000.0,Feb-26,2025-26
"1x500  MVA,  400/220  kV (4th)  ICT  at
Allahabad  under Project: Augmentation  of Transformation  Capacity at 400/220  kV Allahabad  (PG)  substation  by  400/220  kV, 1x500  MVA  (4th)  ICT",Central,400/220,PGCIL,500.0,Feb-26,2025-26
"2x500  MVA,  400/220  kV ICT-  1  & 2  at
Lakhisarai   under Project: ERES-XXXVII)",Central,400/220,PGCIL,1000.0,Feb-26,2025-26
"220  kV SS  Palamaneru  in  Chittoor
Dist.(Aug.)(1x100  MVA)",State,220/132,APTRANSCO,100.0,Feb-26,2025-26
220  kV Barejadi  (Augmentation),State,220/66,GETCO,160.0,Feb-26,2025-26
220  kV Bhat (Augmentation),State,220/66,GETCO,60.0,Feb-26,2025-26
220  kV Kheralu  (Augmentation),State,220/66,GETCO,60.0,Feb-26,2025-26
220  kV Khanpur (Augmentation),State,220/66,GETCO,160.0,Feb-26,2025-26
220  kV Chandrapura  (Augmentation),State,220/66,GETCO,50.0,Feb-26,2025-26
220  kV Otha  (Augmentation),State,220/66,GETCO,60.0,Feb-26,2025-26
220  kV Sadhaura  Ambala  SS  (1x100  MVA),State,220/33,HVPNL,100.0,Feb-26,2025-26
220  kV Panipat,State,220/132,HVPNL,60.0,Feb-26,2025-26
Chikkaballapura  I/A  :  (WorkA)  Establishing 2x100  MVA   220/66  kV Sub-station,State,220/66,KPTCL,200.0,Feb-26,2025-26
400  kV substation  Mandsaur (Aug.),State,400/220,MPPTCL,500.0,Feb-26,2025-26
220  kV Panchanand  (Taloja)  GIS  substation (2X50  MVA),State,220/33,MSETCL,100.0,Feb-26,2025-26
"220  kV Halkarni  S/s  (Aug.)  (1x  (50-25)
MVA)",State,220/33,MSETCL,25.0,Feb-26,2025-26
"220/132  kV GSS  Tarkara  (Aug.)(160-100
MVA)",State,220/132,OPTCL,60.0,Feb-26,2025-26
400  kV GSS  Babai  (Aug.)(200-160  MVA),State,220/132,RVPNL,40.0,Feb-26,2025-26
"Ulundurpet 230/110  KV SS  (Aug.)  (160-100
MVA)",State,230/110,TANTRANSCO,60.0,Feb-26,2025-26
"Cuddalore  230/110  KV SS(Aug.)  (160-100
MVA)",State,230/110,TANTRANSCO,60.0,Feb-26,2025-26
220  kV Sadashivpet (Aug.)(160-100  MVA),State,220/132,TGTRANSCO,60.0,Feb-26,2025-26
400  kV S/s  Maheba  (Jalaun)(T/F-II)(GEC-II),State,400/220,UPPTCL,500.0,Feb-26,2025-26
Augmentation  of  transformation  capacity at 765/400  kV Lakadia  S/s  (WRSS  XXI  (A) Transco  Ltd.)  in  Gujarat-Part A  (Creation  of 220  kV switchyard  at Lakadia  765/400  kV S/s  along with  220kV line  bays  for RE Interconnection  (2x500  MVA),Private,400/220,ADANI,1000.0,Feb-26,2025-26
"400/220  kV AIS  S/s  Gonda  (T/F-I  &
II)_Intra  state  TBCB_UP",Private,400/220,Tata  Power,630.0,Feb-26,2025-26
"3x500  MVA,  400/220  kV ICT  1  , 2  & 3  at
Bhadla-III  under Project:Transmission system  for evacuation  of  power from  REZ in Rajasthan  (20  GW)  under Phase-III  part B1 (SPV:  POWERGRID Bhadla-III  Transmission Ltd.)",Central,400/220,PGCIL,1500.0,Mar-26,2025-26
"3x500  MVA,  400/220  kV ICT  (2nd,  3rd  &
4th)  at Ananthpuram   under Project: Transmission  scheme  for Solar Energy Zone in  Ananthpuram  (Ananthapur)  (2500  MW) and  Kurnool  (1000  MW),  Andhra  Pradesh (SPV:  POWERGRID Ananthpuram  Kurnool Transmission  Ltd.)",Central,400/220,PGCIL,1500.0,Mar-26,2025-26
"1x500  MVA,  400/220  kV ICT  (3rd)  at
Navsari  (New)   under Project: Transmission Network  Expansion  in  Gujarat to  increase its  ATC  from  ISTS  Part B",Central,400/220,PGCIL,500.0,Mar-26,2025-26
"1x500  MVA  400/220  kV (3rd)  ICT  at
Kotputli  PG  under Project: TS  for evacuation  of  Power from  Rajasthan  Phase- IV Part -I  Bikaner Complex  Part E",Central,400/220,PGCIL,500.0,Mar-26,2025-26
"1x1500  MVA  (3rd)  , 765/400  kV ICT  at
Maheswaram  (PG)  under Project: Augmentation  of  Transformation  Capacity by 1X1500  MVA  (3rd)  , 765/400  KV ICT  at
Maheswaram  (PG)  Substation  in  Telangana",Central,765/400,PGCIL,1500.0,Mar-26,2025-26
"2x500MVA,  400/220  kV (1st  & 2nd)  ICT  at Fatehgarh-III  under Project: Transmission System  for Evacuation  of  Power from  REZ in  Rajasthan  (20GW)  under Phase  III-  Part E2",Central,400/220,PGCIL,1000.0,Mar-26,2025-26
"1x1500  MVA,  765/400  kV ICT-3rd  at
Kurnool  New  under Project: Augmentation of  1x1500  MVA  (3rd),  765/400  kV
transformation  capacity at Kurnool  New Substation",Central,765/400,PGCIL,1500.0,Mar-26,2025-26
"1x1500  MVA,  765/400  kV ICT-  4th  at
Bhiwani  under Project: Augmentation  of 765/400  kV, 1500MVA  transformer (4th)  at Bhiwani  S/s  (De-linked  from  Transmission System  for evacuation  of  Power from  RE parks  in  Leh  (5  GW Leh-Kaithal Transmission  Corridor))",Central,765/400,PGCIL,1500.0,Mar-26,2025-26
"1x1500  MVA  765/400  KV ICT-  1st at
Fatehgarh-III  under Project: Transmission System  for Evacuation  of  Power from  REZ in  Rajasthan  (20GW)  under Phase  III-  Part E2",Central,765/400,PGCIL,1500.0,Mar-26,2025-26
"1x1500  MVA  765/400  kV ICT-  3rd  at
Navsari  under Project: Transmission Network  Expansion  in  Gujarat associated with  integration  of  RE  projects  from  Khavda potential  RE  Zone",Central,765/400,PGCIL,1500.0,Mar-26,2025-26
"Creation  of  132  kV at existing 220/11  kV
SS  Settypalli  in  Kurnool  Dist",State,220/132,APTRANSCO,160.0,Mar-26,2025-26
"400  kV SS  Rachagunneri  in  Chittoor Dist.
(Aug.)",State,400/220,APTRANSCO,500.0,Mar-26,2025-26
"220  kV Gudivada  SS  in  Krishna  Dist  (Aug.)
(160-100  MVA)",State,220/132,APTRANSCO,60.0,Mar-26,2025-26
"220  kV Prathipadu  SS  in  Guntur Dist
(Aug.)  (160-100  MVA)",State,220/132,APTRANSCO,60.0,Mar-26,2025-26
400  kV Vadavi  (Augmentation),State,400/220,GETCO,60.0,Mar-26,2025-26
220  kV Kukma  (Augmentation),State,220/66,GETCO,160.0,Mar-26,2025-26
220  kV Viramgam  (Augmentation),State,220/66,GETCO,60.0,Mar-26,2025-26
220  kV Munjpur SS  (T/F-I)(GEC-II),State,220/66,GETCO,160.0,Mar-26,2025-26
220  kV Sarigam  (Augmentation),State,220/66,GETCO,160.0,Mar-26,2025-26
220  kV Maglana  SS  (2X160  MVA),State,220/66,GETCO,320.0,Mar-26,2025-26
400  kV Charanka   (Augmentation),State,220/66,GETCO,160.0,Mar-26,2025-26
220  kV Agiyol   (Augmentation),State,220/66,GETCO,60.0,Mar-26,2025-26
220  kV Vankda,State,220/66,GETCO,320.0,Mar-26,2025-26
220  kV Kudiyana,State,220/66,GETCO,160.0,Mar-26,2025-26
400  kV Veloda   (Augmentation),State,400/220,GETCO,315.0,Mar-26,2025-26
220  kV Dhama  (T/F-I)(GEC-II),State,220/66,GETCO,160.0,Mar-26,2025-26
220  kV Anjar (Augmentation),State,220/66,GETCO,60.0,Mar-26,2025-26
220  kV Faredi  (Augmentation),State,220/66,GETCO,160.0,Mar-26,2025-26
220  kV Ambheta  (Augmentation),State,220/66,GETCO,60.0,Mar-26,2025-26
220  kV Vapi  (Augmentation),State,220/66,GETCO,60.0,Mar-26,2025-26
"Savalagi  SS  (near Chikkalaki   Cross): Establishing   2x100  MVA,  220/110  kV Sub-
Station  (GEC-II)",State,220/110,KPTCL,200.0,Mar-26,2025-26
220  kV GIS  Substation  Kakkad,State,220/110,KSEBL,100.0,Mar-26,2025-26
Chhatarpur SS  (Aug.),State,220/132,MPPTCL,200.0,Mar-26,2025-26
220/22  kV Abhitghar GIS  (2X50  MVA),State,220/ 22,MSETCL,100.0,Mar-26,2025-26
220/ 33  kV Deosane  S/S  (2X25  MVA),State,220/ 33,MSETCL,50.0,Mar-26,2025-26
220  kV ONGC Panvel  S/S  (Aug.),State,220/ 33,MSETCL,50.0,Mar-26,2025-26
220/ 22  kV Vasai  S/S   (Aug.),State,220/ 22,MSETCL,50.0,Mar-26,2025-26
400  kV ICT  at Kumbhargaon  S/S   (Aug.),State,"400/ 220/
33",MSETCL,500.0,Mar-26,2025-26
220  kV Georai  S/S   (Aug.)(2x25  MVA),State,220/ 33,MSETCL,50.0,Mar-26,2025-26
220  kV Malegaon  (Zodga)  S/S   (Aug.),State,220/ 132,MSETCL,100.0,Mar-26,2025-26
220  kV Vita  S/S   (Aug.),State,220/ 33,MSETCL,50.0,Mar-26,2025-26
"220/ 22  kV Mahape  S/S,  (100-50  MVA)
(Aug.)",State,220/ 22-22,MSETCL,50.0,Mar-26,2025-26
"400  kV Lonikand-II  S/S,  (2x  (200-100
MVA))  (Aug.)",State,220  /132,MSETCL,200.0,Mar-26,2025-26
"220  kV Chakan  Phase-II  S/S,  (200-100
MVA)   (Aug.)",State,220  /132,MSETCL,100.0,Mar-26,2025-26
"220  kV Alephata  S/S,  (2X  (  200-100)  MVA)
(Aug.)",State,220/ 132,MSETCL,200.0,Mar-26,2025-26
"220  kV Kolshet S/S,  (100-50  MVA)   (Aug.)",State,220/ 22-22,MSETCL,50.0,Mar-26,2025-26
220/132/33  kV GSS  Bargarh  New  (Aug.),State,220/132,OPTCL,160.0,Mar-26,2025-26
220/132/33  kV GSS  Balianta  (Aug.),State,220/132,OPTCL,160.0,Mar-26,2025-26
"400  kV Behman  Jassa  Singh  S/s  (2x500
MVA)",State,400/220,PSTCL,1000.0,Mar-26,2025-26
220  kV S/s  Jhajra  (Aug.),State,220/132,PTCUL,160.0,Mar-26,2025-26
"220  kV GSS  Bilara  (District:
Jodhpur)(Aug.)(200-100  MVA)",State,220/132,RRVPNL,100.0,Mar-26,2025-26
"Uddanapally 230/110  kV   SS  (Aug.)  (3rd
100  MVA  Auto  Tr.)",State,230/110,TANTRANSCO,100.0,Mar-26,2025-26
220/132  kV Yeddumailaram  SS  (Aug.),State,220/132,TGTRANSCO,100.0,Mar-26,2025-26
400  kV S/s  Garautha  (Jhansi)  (T/F-I)  (GEC- II),State,400/220,UPPTCL,500.0,Mar-26,2025-26
"220  kV S/s  Faridpur (Bareilly (Aug.)  (160-
100  MVA)",State,220/132,UPPTCL,60.0,Mar-26,2025-26
"Augmentation  of  400/220  kV Gadag Substation  with  3x500  MVA  ICT (Transmission  Scheme  for Solar Energy Zone  in  Gadag  (1500  MW),  Karnataka  –  Part A,  Phase-II)",Private,400/220,Renew  Power,1500.0,Mar-26,2025-26
"1x1500  MVA  765/400  kV ICT-  2nd  at
Fatehgarh-III  under Project: Transmission System  for Evacuation  of  Power from  REZ in  Rajasthan  (20GW)  under Phase  III-  Part E2",Central,765/400,PGCIL,1500.0,Apr-26,2026-27
"1x1500  MVA  765/400  kV ICT-4  AT  KPS  3
(GIS)  under Project: Transmission  System for Evacuation  of  Power from  potential Renewable  Energy zone  in  Khavda  Area  of Gujarat under Phase  IV (7  GW):  Part E3",Central,765/400,PGCIL,1500.0,Apr-26,2026-27
"2x1500  MVA,  765/400  kV ICT-1  & 2  at
Bikaner-III  Pooling Station  under Project: Transmission  system  for evacuation  of power from  Rajasthan  REZ Ph-IV (Part-1) (Bikaner Complex):  PART-A",Central,765/400,PGCIL,3000.0,Apr-26,2026-27
220  kV Sankardev  Nagar GIS  (2X160  MVA),State,220/132,AEGCL,320.0,Apr-26,2026-27
"220  kV Vepakayaladibba  in  East  Godavari
Dist.",State,220/33,APTRANSCO,50.0,Apr-26,2026-27
220  kV GIS  Pocket-B  IMT  Kharkhoda,State,220/33,HVPNL,200.0,Apr-26,2026-27
220  kV Sirsa  (Aug.),State,220/132,HVPNL,100.0,Apr-26,2026-27
400  kV Kirori  (Aug.)(160-100  MVA),State,220/132,HVPNL,60.0,Apr-26,2026-27
220  kV Hukmawali  (Aug.),State,220/132,HVPNL,100.0,Apr-26,2026-27
220  kV Raymond  Substation  (Aug.),State,220/33,MSETCL,25.0,Apr-26,2026-27
220  kV Chitegaon  Substation  (Aug.),State,220/33,MSETCL,50.0,Apr-26,2026-27
"220  kV Dhamangaon  Substation  (Aug.)(50-
25  MVA)",State,220/ 33,MSETCL,25.0,Apr-26,2026-27
"220/132/33  kV GSS  Therubali  (Aug.)  (160-
100  MVA)",State,220/132,OPTCL,60.0,Apr-26,2026-27
"400  kV GSS  Bikaner (District: Bikaner)
(Aug.)",State,400/220,RRVPNL,500.0,Apr-26,2026-27
"220  kV GSS  Bikaner (District: Bikaner)
(Aug.)(200-100  MVA)",State,220/132,RRVPNL,100.0,Apr-26,2026-27
"220  kV GSS  Maniya  (Upg.)  (District:
Dholpur)",State,220/132,RRVPNL,160.0,Apr-26,2026-27
Kalivelampatty 230/110  kV SS  (T/F-1),State,230/110,TANTRANSCO,100.0,Apr-26,2026-27
220  kV S/s  Sector-62  (Noida)  (T/F-II),State,220/132,UPPTCL,160.0,Apr-26,2026-27
"Augmentation  of  transformation  capacity at Amargarh  (GIS)  S/s  by 1x315  MVA, 400/220  kV ICTs  (3rd)(Augmentation  of transformation  capacity at Amargarh  (GIS) S/s)",State,400/220,Indigrid,315.0,Apr-26,2026-27
"Establishment of  2x1500  MVA  765/400  kV Substation  at Beawar (Transmission System  for Evacuation  of  Power from  REZ in  Rajasthan  (20GW)  under Phase-III  Part
F)  (late  reported,  charged  in  March-2026)",Private,765/400,Resonia,3000.0,Apr-26,2026-27
"1x500  MVA,   400/220  kV (4th)  ICT  at
Satna  (PG)  SS  under Project: Western Region  Expansion  Scheme  XXXIII  Part D (WRES-XXXIII  Part D)",Central,400/220,PGCIL,500.0,May-26,2026-27
"1x1500  MVA  765/400  kV ICT-  3rd  at
Fatehgarh-III  under Project: Transmission System  for Evacuation  of  Power from  REZ in  Rajasthan  (20GW)  under Phase  III-  Part E2",Central,765/400,PGCIL,1500.0,May-26,2026-27
220  kV SS  Pendurthy (Augmentation  from 2x160  + 1x100  MVA  to  3x160  MVA),State,220/132,APTRANSCO,60.0,May-26,2026-27
"440/220/132  kV Jammalamadugu (Augmentation  from  1x160  MVA  to  2x160
MVA)",State,220/132,APTRANSCO,160.0,May-26,2026-27
220  kV Shalimar Bagh  (Aug.)(1x100  MVA),State,220/33,DTL,100.0,May-26,2026-27
220  kV Patparganj  (Aug.)  (1X100  MVA),State,220/33,DTL,100.0,May-26,2026-27
"400  kV Vav  SS  (Augmentation  from  720 MVA  to  880  MVA)(Late  reported,
commissioned  in  April-2026)",State,220/66,GETCO,160.0,May-26,2026-27
"400  kV Kosamba  SS  (Augmentation  from
320  MVA  to  480  MVA)",State,220/66,GETCO,160.0,May-26,2026-27
220  kV Mohana  (Aug.)  (100  to  160  MVA),State,220/132,HVPNL,60.0,May-26,2026-27
"Ghataprabha  (Aug.)(1x100  MVA)(late
reported,  commissioned  in  April-2026)",State,220/110,KPTCL,100.0,May-26,2026-27
"Esale(Sirsi)  (Aug.)(100-55  MVA)(late
reported,  commissioned  in  April-2026)",State,220/110,KPTCL,45.0,May-26,2026-27
220  kV Mangliya  S/s  (Aug.)  (1x200  MVA),State,220/132,MPPTCL,200.0,May-26,2026-27
220  kV Sarni  S/s  (Aug.)  (160-100  MVA),State,220/132,MPPTCL,60.0,May-26,2026-27
220  kV Shujalpur S/s  (Aug.)(1x200  MVA),State,220/132,MPPTCL,200.0,May-26,2026-27
220  kV Tuljapur (Aug.),State,220/132,MSETCL,100.0,May-26,2026-27
400  kV Jejuri   (Aug.)(3x167  MVA),State,400/220,MSETCL,500.0,May-26,2026-27
220  kV Dhamangaon   (Aug.)  (50-25  MVA),State,220/33,MSETCL,25.0,May-26,2026-27
"220  kV Chakan  Phase  II   (Aug.)  (200-100
MVA)",State,220/132,MSETCL,100.0,May-26,2026-27
"220/132/33  kV GIS  Balianta  GIS  (2nd
Transformer)  (Aug.)",State,220/132,OPTCL,160.0,May-26,2026-27
"220  kV S/S  Katorewala  (Aug.)  (160-100
MVA)",State,220/66,PSTCL,60.0,May-26,2026-27
"220  kV GSS  Sakatpura  (District: Kota  )
(Aug.)  (200-100  MVA)",State,220/132,RRVPNL,100.0,May-26,2026-27
"220  kV GSS  Gangapur City (District: Sawai
Madhopur)(160-100  MVA)",State,220/132,RRVPNL,60.0,May-26,2026-27
"220  kV GSS  Dariba  (Upg.)  (District:
Rajsamand)",State,220/132,RRVPNL,160.0,May-26,2026-27
"Maraimalai  Nagar 230/110  kV SS (2x100MVA)(late  reported,  commissioned
in  April-2026)",State,230/110,TANTRANSCO,200.0,May-26,2026-27
"Deviakurichy 230/110  kV SS  (Aug.)  (2x100
to  3x100)",State,230/110,TANTRANSCO,100.0,May-26,2026-27
Sathumadurai  230/110  kV SS  (1x160  MVA),State,230/110,TANTRANSCO,160.0,May-26,2026-27
"400  kV S/s  Maheba  (Jalaun)  (2X160  MVA)
(GEC-II)",State,220/132,UPPTCL,320.0,May-26,2026-27
"400  kV S/s  Maheba  (Jalaun)  (500  MVA
T/F-II)  (GEC-II)",State,400/220,UPPTCL,500.0,May-26,2026-27
220  kV S/s  Kabrai  (Mahoba)  (GEC-II),State,220/132,UPPTCL,160.0,May-26,2026-27
220  kV S/s  Jewar Extn.  (GB  Nagar)  (T/F-II),State,220/132,UPPTCL,160.0,May-26,2026-27
"220  kV S/s  Sahupuri  (Chandauli)
(Augmentation)",State,220/132,UPPTCL,160.0,May-26,2026-27
400  kV S/s  Farrukhabad  (T/F-I)  (GEC-II),State,400/220,UPPTCL,500.0,May-26,2026-27
"400  kV S/s  Neebkarori  (Farrukhabad)
(Augmentation  160-100  MVA)",State,220/132,UPPTCL,60.0,May-26,2026-27
Mahachanda  220/132  kV GIS  (T/F-I),State,220/132,WBSETCL,200.0,May-26,2026-27
"1x500  MVA   400/220  kV ICT-  2nd  at
Jabalpur PS  under Project: Western  Region Expansion  Scheme  XXXIII  Part A  (WRES-XXXIII  Part A)",Central,400/220,PGCIL,500.0,Jun-26,2026-27
"3x500  MVA,  400/220  kV ICT  (5th,  6th  and 7th)  at Ananthpuram   under Project: Transmission  scheme  for Solar Energy Zone in  Ananthpuram  (Ananthapur)  (2500  MW) and  Kurnool  (1000  MW),  Andhra  Pradesh",Central,400/220,PGCIL,1500.0,Jun-26,2026-27
"1x500  MVA,  400/220  kV ICT  (5th)  at
Fatehgarh  III  PS   under Project: Augmentation  of  Transformation  capacity at 400/220  kV fatehgarh  III  PS  (Section-1)   by 400/220  kV, 1x500  MVA  ICT  (5th)",Central,400/220,PGCIL,500.0,Jun-26,2026-27
"1x1500  MVA,  765/400  kV ICT  (4th)  at
Padghe  (PG)  GIS  under Project: Transmission  System  for Evacuation  of power from  Potential  RE  Zone  in  Khavda Area  of  Gujarat under phase  IV (7GW)-Part E4",Central,765/400,PGCIL,1500.0,Jun-26,2026-27
Chaygaon  GIS  (2x100  MVA),State,220/33,AEGCL,200.0,Jun-26,2026-27
220/132  kV Dharmavaram  SS,State,220/132,APTRANSCO,100.0,Jun-26,2026-27
220/132/33  kV Atchutapuram  GIS,State,220/132,APTRANSCO,100.0,Jun-26,2026-27
400  kV GIS  Thallayapalem  (ICT  2),State,400/220,APTRANSCO,500.0,Jun-26,2026-27
"220/132/33  kV SS  Undi  (Aug.)   (From
3x160  MVA  to  4x160  MVA)",State,220/132,APTRANSCO,160.0,Jun-26,2026-27
"220  kV Yerraguntla  SS  (Aug.)  (160-  100
MVA)",State,220/132,APTRANSCO,60.0,Jun-26,2026-27
220/132  kV Bhilai  SS  (Aug.)  (160-125  MVA),State,220/132,CSPTCL,35.0,Jun-26,2026-27
"220/132/33  kV S/s  Kuthrel
(Dharsiwa)(Aug.)(3rd  160  MVA)",State,220/132,CSPTCL,160.0,Jun-26,2026-27
Okhla  SS  (Aug.),State,220/33/11,DTL,100.0,Jun-26,2026-27
"220  kV Zaghadia  SS  (Aug.)  (from  420  MVA
to  470  MVA)",State,220/66,GETCO,50.0,Jun-26,2026-27
"400  kV Bina   S/s  (Aug.)(Additional  315
MVA  T/F)",State,400/220,MPPTCL,315.0,Jun-26,2026-27
220/33  kV Deosane  SS  (2nd  T/F),State,220/33,MSETCL,50.0,Jun-26,2026-27
"220  kV Jalna  (Aug.)(late  reported,
(commissioned  in  April-2026)",State,220/132,MSETCL,200.0,Jun-26,2026-27
220/33  kV GSS  Parjang,State,220/33,OPTCL,40.0,Jun-26,2026-27
"Selaqui,  Dehradun  GIS  (2x  50  MVA)",State,220/33,PTCUL,100.0,Jun-26,2026-27
"400  kV GSS  Ajmer (District: Ajmer )
(Aug.)(Additional  500  MVA)",State,400/220,RRVPNL,500.0,Jun-26,2026-27
"400/220  kV, 3x500  MVA  ICT  augmentation (4th,  5th  and  6th)  at Pachora  PS (Transmission  system  for evacuation  of power from  RE  projects  in  Rajgarh  (1000 MW)  SEZ in  Madhya  Pradesh-Phase  II)",Private,400/220,G R  Infra,1500.0,Jun-26,2026-27
"1x500  MVA,  400/220  kV ICT-  1  at
Jabalpur PS  under Project: Western  Region Expansion  Scheme  XXXIII  Part A  (WRES-XXXIII  Part A)",Central,400/220,PGCIL,500.0,Jul-26,2026-27
"2x500  MVA,  400/220  kV ICT-1st  & 3rd  at Bikaner-III  Pooling Station  under Project: Transmission  system  for evacuation  of power from  Rajasthan  REZ Ph-IV (Part-1) (Bikaner Complex):  PART-A",Central,400/220,PGCIL,1000.0,Jul-26,2026-27
"1x500  MVA  (4th)  ICT  at Hissar (PG)  S/S under Project:   Augmentation  of transformation  capacity at 400/220kV Hisar (PG)  Substation  in  Haryana  by 1x500 MVA,  400/220kV ICT  (4th)",Central,400/220,PGCIL,500.0,Jul-26,2026-27
"1x500  MVA  (7th),  400/220  kV ICTs  at
Tumkur (Pavagada)  under Project: Augmentation  of  transformation  capacity by 2x500MVA  (7th  & 8th),  400/220kV ICTs at Tumkur (Pavagada)  400/220kV Pooling Station",Central,400/220,,500.0,Jul-26,2026-27
"1x1500  MVA,  765/400  kV ICT  (1st)  at
Koppal-II  (Phase-  A)  under Project: Transmission  Scheme  for integration  of Renewable  Energy Zone  (Phase-II)  in Koppal-II  (Phase-A  & B)  and  Gadag-II (Phase-  A)  in  Karnataka",Central,765/400,PGCIL,1500.0,Jul-26,2026-27
Semariya  SS  (2X160  MVA),State,220/132,CSPTCL,320.0,Jul-26,2026-27
220  kV R  K  Puram  (Aug.),State,220/33/11,DTL,100.0,Jul-26,2026-27
"220  kV Gavasad  (Augmentation  from  250
MVA  to  360  MVA)",State,220/66,GETCO,110.0,Jul-26,2026-27
"220  kV Savarkundla  (Augmentation  from
420  MVA  to  480  MVA)",State,220/66,GETCO,60.0,Jul-26,2026-27
220  kV Substation  Rewari  (Aug.),State,220/132,HVPNL,100.0,Jul-26,2026-27
Nadamanchale  SS,State,220/110,KPTCL,100.0,Jul-26,2026-27
"400/220  kV Huliyurdurga  Sub  Stations
(2X500  MVA)",State,400/220,KPTCL,1000.0,Jul-26,2026-27
"220/66  kV Huliyurdurga  Sub  Stations
(2X100  MVA)",State,220/66,KPTCL,200.0,Jul-26,2026-27
220  kV Sayane  (Aug.),State,220/33,MSETCL,50.0,Jul-26,2026-27
220  kV Pirangut (Aug.),State,220/22,MSETCL,50.0,Jul-26,2026-27
220  kV Bridgestone  (Aug.),State,220/33,MSETCL,50.0,Jul-26,2026-27
"220  kV Sawangi  (Replacement)   1x  (50-25)
MVA",State,220/33,MSETCL,25.0,Jul-26,2026-27
"220  kV Mahape  (Replacement)  1x  (100-50)
MVA",State,220/22-22,MSETCL,50.0,Jul-26,2026-27
220/33  kV GSS  Bonai  (Aug.),State,220/33,OPTCL,40.0,Jul-26,2026-27
220  kV GNDTP  Bathinda  s/s  (Aug.),State,220/66,PSTCL,160.0,Jul-26,2026-27
220  kV GSS  Dooni  (District: Tonk)(Aug.),State,220/132,RRVPNL,100.0,Jul-26,2026-27
"220  kV GSS  Sirohi  (District:
Sirohi)(Aug.)(100-50  MVA)",State,220/132,RRVPNL,50.0,Jul-26,2026-27
Nallur 230/110  kV SS,State,230/110,TANTRANSCO,100.0,Jul-26,2026-27
"Thuvakudy 230/110  kV SS  (Aug.)(1x100  to
2x100  MVA)",State,230/110,TANTRANSCO,100.0,Jul-26,2026-27
220  kV Bhoopalapally (KTPP)  SS  (PTR-II),State,220/132,TGTRANSCO,100.0,Jul-26,2026-27
"400/220/132  KV SS  Narsapur (Capacity Augmented  from  1x100  MVA+2x160  MVA
to  3x160  MVA)",State,220/132,TGTRANSCO,60.0,Jul-26,2026-27
"400  kV S/s  Garautha  (Jhansi)
(2x500  MVA  T/F-II  & T/F-III)  (GEC-II)",State,400/220,UPPTCL,1000.0,Jul-26,2026-27
"220  kV S/s  Dakaur (Dakore),  Jalaun  (GEC-II)",State,220/132,UPPTCL,160.0,Jul-26,2026-27
220  kV S/s  Bangra  (Jhansi)  (GEC-II),State,220/132,UPPTCL,160.0,Jul-26,2026-27
,,,,,,
,,,,,,
"Copyright © 2026, NITI Aayog",,,,,,
https://iced.niti.gov.in,,,,,,
"The information on this platform is mainly taken from official sources. However, in some cases, a few assumptions have been made and some data derived or assumed and is given in the detailed. While we believe that the data is reliable and adequately comprehensive, NITI Aayog ICED does not take guarantee that such information is in all respects accurate. NITI Aayog ICED does not accept any liability for any consequences resulting from the use of this data.sss",,,,,,
